WEWAR;Ìû íàõîäèìñÿ â ñîñòîÿíèè âîéíû.;Nous sommes en guerre;Wir sind im Krieg;Jesteœmy w stanie wojny;Estamos en guerra;Siamo in guerra;Háborúban állunk;Jsme ve válce;;;;;;x
policy_restricted;Îãğàíè÷åíèÿ âíóòğåííåé ïîëèòèêè;Politique restreinte;Politikbeschränkung;Polityka restrykcyjna;Política restringida;Restrizione sulla linea di condotta;Politikai megszorítások;Omezení politiky;;;;;;x
EVTNAME6006;Ãîğîä-ãîñóäàğñòâî òğåáóåò íåçàâèñèìîñòè;Les cités-états réclament leur indépendance;Stadtstaat fordert Unabhängigkeit;Prowincja ¿¹da niezale¿noœci;Una ciudad estado quiere la independencia;La città-stato vuole l'indipendenza;Egy városállam követeli a függetlenségét;Mìstskı stát poaduje nezávislost;;;;;;x
EVTDESC6006;Æèòåëè Âåíåöèè õîòÿò ïîëó÷èòü îáğàòíî ñâîş íåçàâèñèìîñòü.;Les citoyens de Venise veulent recouvrer leur indépendance.;Die Bürger von Venedig wollen ihre Unabhängigkeit zurück.;Obywatele Wenecji chc¹ odzyskaæ niezale¿noœæ.;Los ciudadanos de Venecia quieren recuperar la independencia.;I cittadini di Venezia rivogliono la loro indipendenza.;Velence lakossága vissza akarja kapni a függetlenségét.;Obyvatelé Benátek poadují svoji nezávislost zpìt.;;;;;;x
EVTOPTA6006;Õà, ğàçìå÷òàëèñü;Ben voyons…;Nix da...;Nie...;Tonterías...;Non se ne parla;Soha…;Pche...;;;;;;x
EVTOPTB6006;Íàì ñòîèò ïğèíÿòü ıòî âî âíèìàíèå;Nous allons y réfléchir.;Wir werden es uns überlegen;Przemyœlimy to.;Lo pensaremos;Ci penseremo;Meggondoljuk.;Zváíme to;;;;;;x
LOAD_CAPACITY_LABEL;Ìîæåò ïåğåâîçèòü ïîëêîâ: $NUM$.;Peut porter $NUM$ régiments.;Can carry $NUM$ regiments.;Mo¿e pomieœciæ $NUM$ pu³ki(-ów).;Puede llevar $NUM$ regimiento(s).;Può portare $NUM$ reggimenti.;$NUM$ ezredet tud szállítani.;Mùe vézt $NUM$ regimentù.;;;;;;x
tutorial_completed;Íà ıòîì ıòà ÷àñòü îáó÷åíèÿ çàâåğøåíà.;Le didacticiel est terminé.;That concludes this chapter of the tutorial..;W ten sposób koñczymy tê czêœæ samouczka.;Así concluye este capítulo del tutorial.;E così questo capitolo del tutorial è finito.;Ezzel el is érkeztünk az oktatópálya végéhez..;To zahrnuje tuto kapitolu úvodní èásti…;;;;;;x
CVIEW_PRESTIGE_GAIN;§YÅæåãîäíûé ïğèğîñò:§W;Gain annuel :;Jährlicher Ertrag:;Roczny przyrost:;Ganancia anual:;Profitto annuale:;Évi bevételek:;Roèní zisk:;;;;;;x
CVIEW_PRESTIGE_DECAY;§YÅæåãîäíûé ñïàä:§W;Perte annuelle : ;Jährlicher Verlust:;Roczny spadek:;Pérdida anual:;Declino annuale:;Évi kiadások:;Roèní úbytek:;;;;;;x
NAVY_CORE_ONLY;Ìû ìîæåì ñòğîèòü êîğàáëè òîëüêî â ñâîèõ íàöèîíàëüíûõ ïğîâèíöèÿõ.;Vous ne pouvez créer des marines que dans une province légitime que vous contrôlez.;Sie können Flotten nur in von Ihnen kontrollierten Kernprovinzen bauen.;Mo¿esz budowaæ okrêty jedynie w kontrolowanych prowincjach narodowych.;Solo podéis construir armadas en uno de vuestros núcleos provinciales que controléis.;Puoi creare le flotte solo in uno delle tue principali province che controlli.;Csak olyan magprovinciádon építhetsz flottát, amely a te befolyásod alá esik.;Lodi mùete stavìt pouze v dùleité provincii, kterou ovládáte.;;;;;;x
ARMY_CORE_ONLY;Ìû ìîæåì ôîğìèğîâàòü àğìèè â ïğîâèíöèÿõ, ÿâëÿşùèõñÿ íàöèîíàëüíûìè äëÿ íàøåé èëè äğóãîé äåğæàâû.;Vous ne pouvez créer des armées que dans une province légitime que vous contrôlez.;Sie können Armeen nur in von Ihnen kontrollierten Kernprovinzen bauen.;Mo¿esz budowaæ armie jedynie w kontrolowanych prowincjach narodowych.;Solo podéis crear ejércitos en una provincia que controléis y que sea núcleo de alguna nación.;Puoi creare le armate solo in una provincia che controlli e che è il cuore di una nazione.;Csak olyan provincián építhetsz sereget, amely a te befolyásod alá esik.;Armády mùete verbovat pouze v dùleité provincii (ne nezbytnì vaší), kterou ovládáte.;;;;;;x
THEYDECLINESELLPROV_SETUP;Äåğæàâà îòêàçûâàåòñÿ ïğîäàòü íàì ïğîâèíöèş;Lorsque votre offre de vente d'une province est refusée. ;Wenn unser Angebot, eine Provinz zu verkaufen, abgelehnt wird.;Kiedy Twoja propozycja sprzeda¿y prowincji zostaje odrzucona.;Cuando rehúsen nuestra oferta de vender una provincia.;Se la nostra offerta di vendere una provincia viene rifiutata.;Ha nem fogadják el a provincia eladására tett ajánlatunkat;Kdy je odmítnuta naše nabídka na prodej provincie.;;;;;;x
THEYDECLINESELLPROV_HEADER;$MESSENGER$;$MESSENGER$;$MESSENGER$;$MESSENGER$;$MESSENGER$;$MESSENGER$;$MESSENGER$;$MESSENGER$;;;;;;x
THEYDECLINESELLPROV_1;Ïğîäàæà îòìåíÿåòñÿ!;Vente refusée;Verkauf abgelehnt;Sprzeda¿ odrzucona;Venta rehusada;Vendita rifiutata;Az eladás visszautasítva;Nabídka odmítnuta;;;;;;x
THEYDECLINESELLPROV_2;$MONARCHTITLE$, äåğæàâà $RECIPIENT$;$MONARCHTITLE$ : $RECIPIENT$ a;$MONARCHTITLE$, $RECIPIENT$ haben;$MONARCHTITLE$, pañstwo $RECIPIENT$ ;$MONARCHTITLE$, $RECIPIENT$ ha;$MONARCHTITLE$, $RECIPIENT$ ha;$RECIPIENT$ ;$MONARCHTITLE$, $RECIPIENT$;;;;;;x
THEYDECLINESELLPROV_3;îòêàçàëàñü êóïèòü;refusé notre offre;hat unser Angebot ausgeschlagen;odrzuci³o nasz¹ propozycjê;rechazado nuestra oferta;ha rifiutato la nostra offerta;visszautasította nagylelkû;odmítl naši nabídku;;;;;;x
THEYDECLINESELLPROV_4;ó íàñ îòëè÷íóş ïğîâèíöèş;de vente de l'excellente province de;bezüglich des Verkaufs der hervorragenden Provinz;sprzeda¿y bogatej prowincji:;de vender la excelente provincia de;di vendere l'eccellente provincia di;ajánlatunkat. Meg szerettük volna venni tõle;na prodej vynikající provincie;;;;;;x
THEYDECLINESELLPROV_5;$PROVINCE$.;$PROVINCE$;$PROVINCE$;$PROVINCE$;$PROVINCE$.;$PROVINCE$;$PROVINCE$ tartományt;$PROVINCE$;;;;;;x
THEYDECLINESELLPROV_6;*;*;*;*;*;*;*;*;;;;;;x
THEYDECLINESELLPROV_LOG;Äåğæàâà $RECIPIENT$ îòêàçàëàñü êóïèòü ó íàñ ïğîâèíöèş $PROV$.;$RECIPIENT$ a refusé notre offre de vente de $PROV$;$RECIPIENT$ schlug unser Angebot aus, $PROV$ zu verkaufen.;$RECIPIENT$ odrzuca nasz¹ ofertê sprzeda¿y prowincji $PROV$;$RECIPIENT$ ha rechazado nuestra oferta de vender $PROV$.;$RECIPIENT$ ha rifiutato la nostra offerta di vendere $PROV$;$RECIPIENT$ nem adja el $PROV$ tartományát.;$RECIPIENT$ odmítl naši nabídku na prodej $PROV$;;;;;;x
THEYDECLINESELLPROV_BTN1;ÎÊ;Ok;OK;OK;Aceptar;OK;OK;OK;;;;;;x
THEYDECLINESELLPROV_BTN2;ÎÊ;Ok;OK;OK;Aceptar;OK;OK;OK;;;;;;x
THEYDECLINESELLPROV_BTN3;Ïåğåéòè;Voir;Goto;IdŸ do;Ir allí;Andare;Menj ide;Pøejít na;;;;;;x
THEYDECLINESELLPROV_MAP;*;*;*;*;*;*;*;*;;;;;;x
CANCELWARSUBDESC;Âû óâåğåíû, ÷òî õîòèòå îòìåíèòü âîåííûå ñóáñèäèè, êîòîğûå ìû ïğåäîñòàâëÿåì äåğæàâå $COUNTRY$? Ìû áîëüøå íå áóäåì åæåìåñÿ÷íî ïåğå÷èñëÿòü èì äåíüãè.;Êtes-vous sûr de souhaiter annuler les subsides de guerre offerts à $COUNTRY$ ? Ceci stoppera le don d'or mensuel que nous leur fournissons.;Wollen Sie wirklich die Kriegssubventionen  an $COUNTRY$ stornieren? Dies wird ihnen ab sofort das Gold verweigern, das wir ihnen monatlich geben.;Jesteœ pewien, ¿e chcesz anulowaæ subsydia wojenne dla pañstwa $COUNTRY$? W ten sposób przestaniesz comiesiêcznie przekazywaæ mu z³oto.;¿Seguro que queréis cancelar los subsidios de guerra que le enviamos a $COUNTRY$? Con ello dejaremos de enviarles el oro que actualmente les damos cada mes.;Sei sicuro di voler annullare i sussidi di guerra dati a $COUNTRY$? Così interromperai la nostra donazione mensile di oro.;Biztos vagy benne, hogy meg akarod szüntetni a háborús segélyt, melyet$COUNTRY$ kap? Ezáltal megvonod tõlük a havi támogatást.;Skuteènì chcete zrušit subvence poskytované zemi $COUNTRY$? Pøestanou od nás dostávat mìsíèní pøíspìvky ve zlatì.;;;;;;x
EVTNAME5003;Ğàñïğîñòğàíåíèå èñëàìà;Influences musulmanes;Muslim-Einflüsse;Wp³ywy islamu;Influencias del Islamismo;Influenze della religione: Islamismo;Muszlin befolyás;Muslimské vlivy;;;;;;x
EVTDESC5003;Áëèçêîå îáùåíèå ñ ïîñåëåíöàìè, òîğãîâöàìè è ìèññèîíåğàìè ñòîëü ñèëüíî ïîâëèÿëî íà íàøå íàñåëåíèå, ÷òî îíî ïîñòåïåííî çàáûâàåò ñòàğóş âåğó è ìåíÿåò ñâîè îáû÷àè è óáåæäåíèÿ.;Les contacts avec les colons, marchands et missionnaires ont influencé nos populations au point qu'elles abandonnent peu à peu leur foi traditionnelle pour se convertir aux coutumes et croyances des étrangers.;Enger Kontakt mit Siedlern, Händlern und Missionaren hat unser Volk so sehr beeinflusst, dass sie nach und nach ihren alten Glauben aufgeben und ihre Traditionen und Werte vernachlässigen.;Bliskie kontakty z osadnikami, handlarzami i misjonarzami spowodowa³y, ¿e nasze spo³eczeñstwo zaczê³o przyjmowaæ ich obyczaje i religiê, stopniowo porzucaj¹c dawne wierzenia.;El contacto con los colonos, comerciantes y misioneros ha influenciado tanto a la población que está abandonando paulatinamente su antigua religión y transformando sus costumbres y creencias.;Il contatto stretto con coloni, commercianti e missionari ha influenzato il nostro popolo al punto che la nostra antica fede religiosa viene gradualmente accantonata, mentre aumentano le conversioni a nuovi costumi e credenze.;A közeli kapcsolat a telepesekkel, kereskedõkkel és a hittérítõkkel befolyásolta népünk vallását,és most szeretnének vallást váltani.;Tìsné kontakty s osadníky, obchodníky a misionáøi vedly k tomu, e se skupiny našeho obyvatelstva vzdávají starého náboenství a pøijímají nové zvyky a názory.;;;;;;x
EVTOPTA5003;Ïğèíÿòü íîâóş âåğó;Changeons de religion.;Konvertieren;Zmieñ religiê.;Conversión religiosa;Cambia religione;Vallás megváltoztatása;Zmìnit náboenství;;;;;;x
EVTOPTB5003;×òèòü âåğó ïğåäêîâ;Honorons les croyances de nos ancêtres.;Ehrt den Glauben unserer Vorfahren;Pozostañ przy wierze naszych przodków.;Honrar las creencias de nuestros antepasados;Rispetta le credenze dei nostri antenati;Õseink vallását követjük;Ctít zvyky pøedkù;;;;;;x
EVTNAME6016;Ğàñïğîñòğàíåíèå áóääèçìà;Influences bouddhistes;Buddhismus-Einflüsse;Wp³ywy buddyzmu;Influencias del Budismo;Influenze della religione:Buddismo;Buddhista befolyás;Buddhistické vlivy;;;;;;x
EVTDESC6016;Áëèçêîå îáùåíèå ñ ïîñåëåíöàìè, òîğãîâöàìè è ìèññèîíåğàìè ñòîëü ñèëüíî ïîâëèÿëî íà íàøå íàñåëåíèå, ÷òî îíî ïîñòåïåííî çàáûâàåò ñòàğóş âåğó è ìåíÿåò ñâîè îáû÷àè è óáåæäåíèÿ.;Les contacts avec les colons, marchands et missionnaires ont influencé nos populations au point qu'elles abandonnent peu à peu leur foi traditionnelle pour se convertir aux coutumes et croyances des étrangers.;Enger Kontakt mit Siedlern, Händlern und Missionaren hat unser Volk so sehr beeinflusst, dass sie nach und nach ihren alten Glauben aufgeben und ihre Traditionen und Werte vernachlässigen.;Bliskie kontakty z osadnikami, handlarzami i misjonarzami spowodowa³y, ¿e nasze spo³eczeñstwo zaczê³o przyjmowaæ ich obyczaje i religiê, stopniowo porzucaj¹c dawne wierzenia.;El contacto con los colonos, comerciantes y misioneros ha influenciado tanto a la población que está abandonando paulatinamente su antigua religión y transformando sus costumbres y creencias.;Il contatto stretto con coloni, commercianti e missionari ha influenzato il nostro popolo al punto che la nostra antica fede religiosa viene gradualmente accantonata, mentre aumentano le conversioni a nuovi costumi e credenze.;A közeli kapcsolat a telepesekkel, kereskedõkkel és a hittérítõkkel befolyásolta népünk vallását,és most szeretnének vallást váltani.;Tìsné kontakty s osadníky, obchodníky a misionáøi vedly k tomu, e se skupiny našeho obyvatelstva vzdávají starého náboenství a pøijímají nové zvyky a názory.;;;;;;x
EVTOPTA6016;Ïğèíÿòü íîâóş âåğó;Changeons de religion.;Konvertieren;Zmieñ religiê.;Conversión religiosa;Cambia religione;Vallás megváltoztatása;Zmìnit náboenství;;;;;;x
EVTOPTB6016;×òèòü âåğó ïğåäêîâ;Honorons les croyances de nos ancêtres.;Ehrt den Glauben unserer Vorfahren;Pozostañ przy wierze naszych przodków.;Honrar las creencias de nuestros antepasados;Rispetta le credenze dei nostri antenati;Õseink vallását követjük;Ctít zvyky pøedkù;;;;;;x
NO_HORSE;Ó íàñ ïîêà íåò âîçìîæíîñòè ôîğìèğîâàòü êàâàëåğèéñêèå ïîäğàçäåëåíèÿ.;Nous n'avons pas encore accès à la cavalerie.;Wir können noch keine Kavallerie haben.;Nie mo¿emy jeszcze tworzyæ kawalerii.;Aún no tenemos acceso a la caballería.;Non abbiamo ancora l'accesso alla cavalleria.;Még nincs hozzáférésünk a lovassághoz.;Kavalerii doposud nemáme k dispozici.;;;;;;x
NAVALATTACKTHEM_SETUP;Ìû àòàêóåì âğàæåñêóş ôëîòèëèş;Lorsqu'un de nos navires attaque l'ennemi.;Wenn eine unserer Flotten den Feind angreift.;Kiedy jedna z naszych flot atakuje przeciwnika;Cuando una de nuestras armadas ataque al enemigo.;Se una nostra flotta attacca il nemico;Ha az egyik flottánk megtámadja az ellenséget;Kdy jedna z našich flotil zaútoèí na nepøítele;;;;;;x
NAVALATTACKTHEM_HEADER;$MESSENGER$;$MESSENGER$;$MESSENGER$;$MESSENGER$;$MESSENGER$;$MESSENGER$;$MESSENGER$;$MESSENGER$;;;;;;x
NAVALATTACKTHEM_1;Ìû âñòóïèëè â áîé!;Nous avons attaqué l'ennemi !;Wir haben den Feind angegriffen!;Zaatakowaliœmy nieprzyjaciela!;Entablado combate con el enemigo.;Abbiamo sfidato il nemico!;Megközelítettük az ellenséget;Zaútoèili jsme na nepøítele!;;;;;;x
NAVALATTACKTHEM_2;$MONARCHTITLE$, íàø ñëàâíûé ôëîò àòàêóåò ïğîòèâíèêà â ïğîâèíöèè;$MONARCHTITLE$, notre glorieuse marine a attaqué notre ennemi en;$MONARCHTITLE$, unsere ruhmreiche Flotte griff unseren Feind an in;$MONARCHTITLE$, nasz wspania³a flota zaatakowa³a wroga w prowincji:;$MONARCHTITLE$, nuestra gloriosa armada ha atacado al enemigo en;$MONARCHTITLE$, la nostra gloriosa flotta, ha attaccato il nostro nemico a;Uralkodó, dicsõséges harci flottánk megközelítette az ellenséget;$MONARCHTITLE$, naše velkolepé námoønictvo zaútoèilo na nepøítele v;;;;;;x
NAVALATTACKTHEM_3;$PROV$;$PROV$.;$PROV$.;$PROV$.;$PROV$.;$PROV$.;$PROV$ közelében.;$PROV$.;;;;;;x
NAVALATTACKTHEM_4;Òğóñëèâûå ìîğÿêè äåğæàâû;Les pitoyables forces de;Die feigen Flotten von;Tchórzliwe armie nale¿¹ce do pañstwa;Las cobardes fuerzas de;Quei codardi di: ;   ;Zbabìlci;;;;;;x
NAVALATTACKTHEM_5;$DEFENDER$;$DEFENDER$ ;$DEFENDER$;$DEFENDER$;$DEFENDER$;$DEFENDER$;$DEFENDER$ szánalmas erõit;$DEFENDER$;;;;;;x
NAVALATTACKTHEM_6;ïîéäóò íà äíî ïîä êèëÿìè íàøèõ êîğàáëåé!;seront écrasées sous les carènes de $ATTACKER$;werden sich in Kürze auf dem Meeresgrund wiederfinden.;zostan¹ zmia¿d¿one przez si³y pañstwa $ATTACKER$;serán aplastadas bajo las quillas de $ATTACKER$.;sarà distrutto sotto la chiglia di $ATTACKER$;$ATTACKER$ könnyedén szétzúzzuk.;budou rozdrceni kıly $ATTACKER$;;;;;;x
NAVALATTACKTHEM_LOG;Ìû àòàêîâàëè âğàæåñêóş ôëîòèëèş â ïğîâèíöèè $PROV$.;Nous avons attaqué l'ennemi en $PROV$.;Wir haben den Feind in $PROV$ attackiert.;Zaatakowaliœmy wroga w prowincji $PROV$.;Hemos atacado al enemigo en $PROV$.;Abbiamo attaccato il nemico in $PROV$.;$PROV$ közelében flottánk megtámadta az ellenséget.;Zaútoèili jsme na nepøítele v $PROV$.;;;;;;x
NAVALATTACKTHEM_BTN1;ÎÊ;Ok;OK;OK;Aceptar;OK;OK;OK;;;;;;x
NAVALATTACKTHEM_BTN2;ÎÊ;Ok;OK;OK;Aceptar;OK;OK;OK;;;;;;x
NAVALATTACKTHEM_BTN3;Ïåğåéòè;Voir;GOTO;IdŸ do;Ir allí;Andare;Menj ide;Pøejít na;;;;;;x
NAVALATTACKTHEM_MAP;*;*;*;*;*;*;*;*;;;;;;x
NAVALATTACKUS_SETUP;Íàøà ôëîòèëèÿ àòàêîâàíà;Lorsqu'un de nos navires est attaqué par l'ennemi;Wenn eine unserer Flotten vom Feind angegriffen wird.;Kiedy jedna z naszych flot zostaje zaatakowana przez przeciwnika;Cuando una de nuestras armadas sea atacada por el enemigo.;Se una nostra flotta viene attaccata dal nemico;Ha az egyik flottánkat megtámadta az ellenség;Kdy na jednu z našich flotil zaútoèí nepøítel;;;;;;x
NAVALATTACKUS_HEADER;$MESSENGER$;$MESSENGER$;$MESSENGER$;$MESSENGER$;$MESSENGER$;$MESSENGER$;$MESSENGER$;$MESSENGER$;;;;;;x
NAVALATTACKUS_1;Íàø ôëîò àòàêîâàí!;Notre marine est attaquée !;Unsere Flotte wird angegriffen!;Nasza flota jest atakowana!;¡Nuestra armada está siendo atacada!;La nostra flotta è sotto attacco!;Megtámadták a flottánkat!;Nepøítel zaútoèil na naše námoønictvo!;;;;;;x
NAVALATTACKUS_2;$MONARCHTITLE$, íàø ñëàâíûé ôëîò àòàêîâàí â ïğîâèíöèè;$MONARCHTITLE$, nos glorieux navires sont attaqués en;$MONARCHTITLE$, unsere ruhmreichen Flotten werden angegriffen in;$MONARCHTITLE$, nasz wspania³e floty s¹ atakowane;$MONARCHTITLE$, están atacando a nuestras gloriosas flotas;$MONARCHTITLE$, le nostre gloriose flotte sono sotto attacco;Dicsõséges flottánkat megtámadta az ellenség;$MONARCHTITLE$, na naše slavné námoønictvo zaútoèil nepøítel;;;;;;x
NAVALATTACKUS_3;$PROV$;$PROV$.;in $PROV$.;w prowincji $PROV$.;en $PROV$.;in $PROV$.;$PROV$ közelében.;v $PROV$.;;;;;;x
NAVALATTACKUS_4;Òğóñëèâûå ìîğÿêè äåğæàâû;Les pitoyables forces de;Die feigen Truppen von;Ci tchórze z pañstwa;Las cobardes fuerzas de;Quei codardi di: ;;Zbabìlci;;;;;;x
NAVALATTACKUS_5;$ATTACKER$;$ATTACKER$;$ATTACKER$;$ATTACKER$;$ATTACKER$;$ATTACKER$;$ATTACKER$ szánalmas hajói hamarosan;$ATTACKER$;;;;;;x
NAVALATTACKUS_6;ïîéäóò íà äíî ïîä êèëÿìè íàøèõ êîğàáëåé!;seront envoyées au fond de l'océan par $DEFENDER$.;will be sent to the bottom of the ocean by $DEFENDER$.;zostan¹ pos³ani na dno oceanu przez sily pañstwa $DEFENDER$.;serán enviadas al fondo del mar por $DEFENDER$.;finirà in fondo al mare a causa di $DEFENDER$.;a tenger fenekén kötnek ki.;budou $DEFENDER$ posláni ke dnu.;;;;;;x
NAVALATTACKUS_LOG;Íàøà ôëîòèëèÿ áûëà àòàêîâàíà â ïğîâèíöèè $PROV$.;$PROV$ : nous sommes attaqués par l'ennemi dans cette province.;Wir sind in $PROV$ angegriffen worden.;Zostaliœmy zaatakowani w prowincji $PROV$.;Nos han atacado en $PROV$.;Siamo stati attaccati in $PROV$.;Flottánkat támadás érte $PROV$ tartomány közelében.;Nepøítel na nás zaútoèil v $PROV$.;;;;;;x
NAVALATTACKUS_BTN1;ÎÊ;Ok;OK;OK;Aceptar;OK;OK;OK;;;;;;x
NAVALATTACKUS_BTN2;ÎÊ;Ok;OK;OK;Aceptar;OK;OK;OK;;;;;;x
NAVALATTACKUS_BTN3;Ïåğåéòè;Voir;GOTO;IdŸ do;Ir allí;Andare;Menj ide;Pøejít na;;;;;;x
NAVALATTACKUS_MAP;*;*;*;*;*;*;*;*;;;;;;x
MERCHANT_FOREIGN_COMPETE_CHANCE;Øàíñû íà óñïåøíóş êîíêóğåíöèş çà ãğàíèöåé;Chance de concurrencer à l'étranger;Wettbewerbschancen im Ausland;Szansa konkurencji zagranic¹;Prob. de competir en el extranjero;Competizione all'estero;Külföldi esély versenyhelyzetben;Konkurenèní šance v zahranièí;;;;;;x
COLONIES;Êîëîíèè;Colonies;Kolonien;Kolonie;Colonias;Colonie;Gyarmatok;Kolonie;;;;;;x
theology;Òåîëîã;Théologien;Theologe;Teolog;Teólogo;Teologo;Teológus;Teolog;;;;;;x
colonial;Êîëîíèàëüíûé ãóáåğíàòîğ;Gouverneur colonial;Koloniegouverneur;Gubernator kolonii;Gobernador colonial;Gov. coloniale;Gyarmati kormányzó;Guvernér kolonie;;;;;;x
spy;Ìàñòåğ øïèîíàæà;Maître espion;Chefspion;Mistrz szpiegów;Jefe de espionaje;M. di spionaggio;Kémmester;Šéf špionáe;;;;;;x
trade;Òîğãîâåö;Commerçant;Händler;Kupiec;Mercader;Commerciante;Kereskedõ;Obchodník;;;;;;x
desc_theology;Ñëàâà î íàøåì òåîëîãå ğàñïğîñòğàíèëàñü äàëåêî çà ïğåäåëû íàøåãî ãîñóäàğñòâà. Íàì ïî-íàñòîÿùåìó ïîâåçëî, ÷òî îí âõîäèò â ñîñòàâ íàøåãî ïğàâèòåëüñòâà.;La réputation de notre théologien a dépassé le cadre de nos frontières. Notre pays a beaucoup de chance de l'avoir.;Der Ruf unseres Theologen hat unsere Grenzen weit überschritten - unsere Regierung kann sich wirklich glücklich schätzen, ihn zu haben.;Reputacja naszego teologa siêga daleko poza granice kraju. To wielkie szczêœcie, ¿e nasze w³adze maj¹ jego wsparcie.;La reputación de nuestro teólogo ha trascendido más allá de nuestras fronteras. Nuestro gobierno es muy afortunado de poder contar con él.;La reputazione del nostro Teologo ha superato i nostri confini. Il governo è davvero fortunato ad averlo!;Teológusunk neve messze földön híres - igazán szerencsések vagyunk, hogy a mi oldalunkon áll.;Reputace našeho teologa pronikla do zahranièí. Naše vláda má skuteèné štìstí, e pracuje pro nás.;;;;;;x
desc_colonial;Ñëàâà î íàøåì êîëîíèàëüíîì ãóáåğíàòîğå ğàñïğîñòğàíèëàñü äàëåêî çà ïğåäåëû íàøåãî ãîñóäàğñòâà. Íàì ïî-íàñòîÿùåìó ïîâåçëî, ÷òî îí âõîäèò â ñîñòàâ íàøåãî ïğàâèòåëüñòâà.;La réputation de notre gouverneur colonial a dépassé le cadre de nos frontières. Notre pays a beaucoup de chance de l'avoir.;Der Ruf unseres Koloniegouverneurs hat unsere Grenzen weit überschritten - unsere Regierung kann sich wirklich glücklich schätzen, ihn zu haben.;Reputacja naszego gubernatora kolonii siêga daleko poza granice kraju. To wielkie szczêœcie, ¿e nasze w³adze maj¹ jego wsparcie.;La reputación de nuestro gobernador colonial ha trascendido más allá de nuestras fronteras. Nuestro gobierno es muy afortunado de poder contar con él.;La reputazione del nostro Governatore Coloniale ha superato i nostri confini. Il governo è davvero fortunato ad averlo!;Gyarmati kormányzónk neve messze földön híres - igazán szerencsések vagyunk, hogy minket szolgál.;Reputace našeho koloniálního guvernéra pronikla do zahranièí. Naše vláda má skuteèné štìstí, e pracuje pro nás.;;;;;;x
desc_spy;Ñëàâà î íàøåì ìàñòåğå øïèîíàæà ğàñïğîñòğàíèëàñü äàëåêî çà ïğåäåëû íàøåãî ãîñóäàğñòâà. Íàì ïî-íàñòîÿùåìó ïîâåçëî, ÷òî îí âõîäèò â ñîñòàâ íàøåãî ïğàâèòåëüñòâà.;La réputation de notre maître espion a dépassé le cadre de nos frontières. Notre pays a beaucoup de chance de l'avoir.;Der Ruf unseres Chefspions hat unsere Grenzen weit überschritten - unsere Regierung kann sich wirklich glücklich schätzen, ihn zu haben.;Reputacja naszego mistrza szpiegów siêga daleko poza granice kraju. To wielkie szczêœcie, ¿e nasze w³adze maj¹ jego wsparcie.;La reputación de nuestro jefe de espías ha trascendido más allá de nuestras fronteras. Nuestro gobierno es muy afortunado de poder contar con él.;La reputazione del nostro Esperto di Spionaggio ha superato i nostri confini. Il governo è davvero fortunato ad averlo!;Kémmesterünk neve messze földön híres - igazán szerencsések vagyunk, hogy minket szolgál.;Reputace našeho šéfa špionáe pronikla do zahranièí. Naše vláda má skuteèné štìstí, e pracuje pro nás.;;;;;;x
STABHIT_FROM_MIL_ACCESS;ïğîõîä âîéñê;A un accès militaire;Hat Militärzugang;Maj¹ prawo przemarszu wojsk;Tiene acceso militar;ha l'accesso militare;Katonai hozzáféréssel rendelkezik;Má vojenskı pøístup;;;;;;x
THEYATWAR;Ìû íå ìîæåì ıòî ñäåëàòü, òàê êàê îíè íàõîäÿòñÿ â ñîñòîÿíèè âîéíû.;Action impossible tant qu'ils sont en guerre.;Wir können dies nicht tun, während sie im Krieg sind.;Nie mo¿emy tego zrobiæ, kiedy prowadz¹ oni wojnê.;No podemos hacerlo mientras estemos en guerra.;Non possiamo farlo mentre sono in guerra.;Amíg háborúban állnak, erre nincs lehetõségünk;To nemùeme uèinit, dokud jsou ve válce.;;;;;;x
EVTNAME6018;Ãğàæäàíñêàÿ âîéíà ñòàâèò íàñ íà êîëåíè;La guerre civile met notre nation à genoux.;Bürgerkrieg bringt unsere Nation an den Rand des Ruins;Wojna domowa doprowadza kraj do ruiny;La guerra civil asola la nación;La guerra civile mette la nostra nazione in ginocchio;Polgárháború kényszeríti térdre dicsõ nemzetünket;Obèanská válka srazila náš národ na kolena;;;;;;x
EVTDESC6018;Ïîëèòè÷åñêèå êîíôëèêòû ñëèøêîì äîëãî èçâîäèëè íàøó ñòğàíó. Ñåé÷àñ ìû íàõîäèìñÿ â ñîñòîÿíèè øàòêîãî ğàâíîâåñèÿ, è ïîòîìó íàì ñëåäóåò ïğèíÿòü ğåøèòåëüíûå ìåğû, äàáû ğàç è íàâñåãäà âûëå÷èòü ıòó áîëåçíü è ïğåêğàòèòü ğàñïğè... ïîêà ó íàñ åñòü åùå âğåìÿ è âîçìîæíîñòü.;Les conflits politiques tourmentent notre nation depuis trop longtemps. Nous sommes dans une impasse et des mesures drastiques doivent être prises pour rétablir la prééminence de notre nation et mettre une fin à ce corps à corps avant qu'il ne soit trop tard.;Seit langem schon zermürben politische Konflikte unser Land. Wir befinden uns in einer evolutionären Sackgasse, und es bedarf drastischer Methoden, um die Glorie unserer Nation wiederherzustellen und dem inneren Zwist ein Ende zu setzen, bevor es zu spät ist.;Zbyt d³ugo nasz kraj drêczony by³ konfliktami politycznymi. Trwa okres stagnacji i nale¿y przedsiêwzi¹æ drastyczne œrodki, aby przywróciæ znaczenie pañstwa i zakoñczyæ spory zanim bêdzie za póŸno.;Los conflictos políticos han atormentado a nuestra nación durante demasiado tiempo. Estamos en un puerto muerto evolutivo. Se deben tomar medidas drásticas para recuperar la preeminencia de nuestra patria y poner fin a las luchas antes de que sea demasiado tarde.;I conflitti politici hanno tormentato la nostra nazione da troppo tempo. Siamo incappati in una stasi e dobbiamo adottare misure drastiche, per reclamare l'importanza della nostra nazione e porre fine agli scontri prima che sia troppo tardi.;Politikai konfliktusok színterévé vált országunk. Fejlõdésünk stagnál, és drasztikus változtatásokat kell kieszközölnünk annak érdekében, hogy újra talpraálljon nemzetünk.;Politické spory trápí náš národ u pøíliš dlouho. Revoluci máme za dveømi a musí bıt podniknuta drastická opatøení, abychom s kritickou situací ráznì skoncovali, ne bude pøíliš pozdì.;;;;;;x
EVTOPTA6018;Ìû íè÷åãî íå ìîæåì ñ ıòèì ïîäåëàòü;Il n'y a rien que nous puissions faire.;Wir können nichts ausrichten;Nic nie mo¿emy zrobiæ;No podemos hacer nada;Non possiamo fare niente.;Nem tehetünk semmit;Nemùeme nic dìlat;;;;;;x
EVTOPTB6018;Ïîääåğæàòü îäíó èç ñòîğîí;Soutenir une des factions;Eine der Fraktionen unterstützen;Wspieraj jedn¹ z frakcji;Apoyar a una de las facciones;Supporta una delle fazioni;Támogatjuk az egyik oldalt;Podporovat jednu z frakcí;;;;;;x
EVTOPTC6018;Íà÷àòü ïåğåãîâîğû, ÷òîáû óìåíüøèòü ïîòåğè;Entamer des négociations afin de limiter les dégâts;Verhandlungen beginnen, um den Schaden einzudämmen;Rozpocznij rokowania, aby zminimalizowaæ szkody;Empezar a negociar para minimizar el daño;Avvia le negoziazioni per ridurre al minimo i danni;Tárgyalásokat kezdeményezünk;Zahájit vyjednávání a minimalizovat škody;;;;;;x
EVTNAME6019;Ãğàæäàíñêèå áåñïîğÿäêè ïğèâîäÿò ê õàîñó;Le désordre civil tourne au chaos;Innere Unruhen werden zu Chaos;Rozruchy spo³eczne powoduj¹ chaos w pañstwie;Los desórdenes civiles derivan en caos;I disordini civili si tramutano in caos;A polgári engedetlenség káoszt okozott;Obèanské nepokoje pøerùstají v chaos;;;;;;x
EVTDESC6019;Ìåëêèå ïîëèòè÷åñêèå êîíôëèêòû óæå äëèòåëüíîå âğåìÿ èçâîäÿò íàøó ñòğàíó. Ñåé÷àñ ìû íàõîäèìñÿ â ñîñòîÿíèè øàòêîãî ğàâíîâåñèÿ, è ïîòîìó íàì ñëåäóåò ïğèíÿòü ğåøèòåëüíûå ìåğû, äàáû ğàç è íàâñåãäà âûëå÷èòü ıòó áîëåçíü è ïğåêğàòèòü ğàñïğè... ïîêà ó íàñ åñòü åùå âğåìÿ è âîçìîæíîñòü.;Des conflits politiques mineurs tourmentent notre nation depuis quelque temps. Nous sommes dans une impasse et des mesures drastiques doivent être prises pour rétablir la prééminence de notre nation et mettre une fin à ce corps à corps avant qu'il ne soit trop tard.;Seit langem schon zermürben kleine politische Konflikte unser Land. Wir befinden uns in einer evolutionären Sackgasse, und es bedarf drastischer Methoden, um die Glorie unserer Nation wiederherzustellen und den inneren Zwisten ein Ende zu setzen, bevor es zu spät ist.;Zbyt d³ugo nasz kraj drêczony by³ pomniejszymi konfliktami politycznymi. Trwa okres stagnacji i nale¿y przedsiêwzi¹æ drastyczne œrodki, aby przywróciæ znaczenie pañstwa i zakoñczyæ spory, zanim bêdzie za póŸno.;Ya hace algún tiempo que pequeños conflictos políticos atormentan a nuestra nación. Estamos en un puerto muerto evolutivo. Se deben tomar medidas drásticas para recuperar la preeminencia de nuestra patria y poner fin a las luchas antes de que sea demasiado tarde.;Conflitti politici secondari tormentano la nostra nazione da qualche tempo. Siamo incappati in una stasi e dobbiamo adottare misure drastiche, per reclamare l'importanza della nostra nazione e porre fine agli scontri prima che sia troppo tardi.;Politikai konfliktusok színterévé vált országunk. Fejlõdésünk stagnál, és drasztikus változtatásokat kell kieszközölnünk annak érdekében, hogy újra talpraálljon nemzetünk.;Rùzné politické spory trápí náš národ u pøíliš dlouho. Revoluci máme za dveømi a musí bıt podniknuta drastická opatøení, abychom s kritickou situací ráznì skoncovali, ne bude pøíliš pozdì.;;;;;;x
EVTOPTA6019;Ìû íè÷åãî íå ìîæåì ñ ıòèì ïîäåëàòü;Il n'y a rien que nous puissions faire.;Wir können nichts ausrichten;Nic nie mo¿emy poradziæ;No podemos hacer nada;Non possiamo fare niente.;Nem tehetünk semmit;Nemùeme nic dìlat;;;;;;x
EVTOPTB6019;Ïğåêğàòèòü áåñïîğÿäêè ëşáîé öåíîé;Nous stopperons ceci à n'importe quel prix.;Wir werden dem unter allen Umständen ein Ende setzen;Powstrzymamy to za wszelk¹ cenê;Hay que pararlo a toda costa;Porremo fine a tutto ciò a qualsiasi costo;Véget kell vetnünk ennek, bármi áron!;Tohle musíme zastavit za kadou cenu;;;;;;x
EVTNAME6020;Íîâûå âëèÿòåëüíûå ôğàêöèè;Nouvelles factions;Neue Fraktionen;Nowe frakcje;Aparecen nuevas facciones con poder;Nuovi poteri di fazione;Új párt;Nové frakèní síly;;;;;;x
EVTDESC6020;Ïîÿâèâøèåñÿ ñğåäè ïğîäîëæàşùåãîñÿ õàîñà íåáîëüøèå, íî âëèÿòåëüíûå ãğóïïèğîâêè íà÷àëè áîğîòüñÿ ìåæäó ñîáîé çà âëàñòü, ïûòàÿñü ïåğåòàùèòü íà ñâîş ñòîğîíó âàæíûõ ïåğñîí èç íàøåãî îêğóæåíèÿ.;Au milieu du chaos ambiant, de petites mais puissantes factions ont émergé et chacune d'entre elles essaie de prendre le dessus en influençant des membres importants de notre cour pour qu'ils soutiennent sa cause.;Aus dem ganzen Chaos haben sich kleine, aber mächtige Fraktionen herausgeschält, von denen jede die Oberhand zu gewinnen sucht, indem sie einflussreich Adlige unseres Hofes auf die Seite ihrer Sache zu ziehen versuchen.;W ogólnym chaosie pojawi³y siê niewielkie, ale potê¿ne frakcje i ka¿da z nich stara siê zyskaæ przewagê nad pozosta³ym, próbuj¹c pozyskaæ dla swojej sprawy wa¿nych notabli na dworze królewskim.;En medio del caos constante, han aparecido facciones pequeñas, aunque poderosas, y cada una está intentando ganar cotas de poder influyendo en importantes nobles de la corte para que se alineen con ellas y su causa.;Nel bel mezzo di questo caos, sono emerse piccole ma potenti fazioni. Ognuna cerca di guadagnare vantaggio influenzando importanti nobili della nostra corte, per far sì che si schierino con loro e ne appoggino la causa.;A kavarodás közben kisebb pártok jöttek létre, melyek most oly módon próbálnak meg hatalomra szert tenni, hogy az oldalukra állítják a nagyobb nemesi családokat és udvarunk kiválóságait.;Uprostøed pøetrvávajícího chaosu se objevily malé, ale mocné frakce a kadá z nich se snaí nabıt rozhodujícího vlivu tím, e si získává dùleité aristokraty u dvora pro své zámìry.;;;;;;x
EVTOPTA6020;Îêàçàòü ïîääåğæêó îäíîé èç ñòîğîí;Soutenir une des factions;Eine Seite unterstützen;Wspieraj jedn¹ ze stron;Apoyar a un bando;Supporta una fazione;Támogatjuk az egyik oldalt;Podporovat jednu stranu;;;;;;x
EVTOPTB6020;Íå ïîääåğæèâàòü íèêîãî;Ne soutenir aucune faction;Keine Fraktion unterstützen;Nie wspieraj ¿adnej frakcji;No apoyar a ninguna facción;Non supportare alcuna fazione;Nem támogatunk egyetlen pártot sem;Nepodporovat ádnou frakci;;;;;;x
EVTNAME6021;Ôğàêöèÿ òğåáóåò ôèíàíñîâîé ïîìîùè;Demande d'aide financière d'une faction;Fraktion fordert Finanzhilfe an;Frakcja prosi o pomoc finansow¹;Una facción solicita ayuda económica;La fazione richiede aiuto finanziario;Egy párt anyagi segítséget kér;Frakce poaduje finanèní pomoc;;;;;;x
EVTDESC6021;Ó íåêîòîğûõ ó÷àñòíèêîâ âîéíû ñğåäñòâà ïîäõîäÿò ê êîíöó, è êîå-êòî óæå îáğàòèëñÿ ê íàì çà ôèíàíñîâîé ïîääåğæêîé. Åñëè ìû âëîæèì äåíüãè â ãğóïïèğîâêó, êîòîğàÿ ïîëüçóåòñÿ íàøèì ğàñïîëîæåíèåì, âîçìîæíî, îíà ñóìååò ïîáåäèòü îñòàëüíûõ ïğîòèâíèêîâ è îñòàíîâèòü áåñïîğÿäêè.;Le trésor de guerre commence à s'épuiser pour plusieurs des combattants et quelques-uns demandent un soutien financier. Si nous investissons sagement, notre faction préférée pourrait l'emporter sur les autres et mettre fin à cette agitation.;Bei manchen der Kombattanten geht die Kriegskasse zur Neige, daher bitten einige um Finanzhilfe. Wenn wir unser Geld weise investieren, könnte die für uns günstigste Fraktion ihre Gegner besiegen und dem Unruhen ein Ende setzen.;Kiesa walcz¹cych stron zaczyna œwieciæ pustkami, st¹d ich proœby o wsparcie finansowe. Jeœli m¹drze zainwestujemy pieni¹dze, byæ mo¿e naszej faworyzowanej frakcji uda siê pokonaæ przeciwników i zakoñczyæ to ca³e zamieszanie.;Varios combatientes se están quedando sin fondos y, como resultado, algunos piden ayuda económica. Si invertimos bien el dinero, nuestra facción favorita podrá imponerse a los demás contendientes y pondrá fin al tumulto.;I forzieri della guerra iniziano a esaurirsi per molti combattenti e, quindi, alcuni chiedono supporto finanziario. Se investiamo il nostro denaro saggiamente, la nostra fazione preferita potrebbe superare gli altri avversari e porre fine ai tumulti.;A háború kezdi felemészteni mindenki kincstárát, és ezért már akadnak páran, akik anyagi segítséget kérnek. Ha ügyesen kezeljük a helyzetet, akkor az általunk favorizált párt talán képes lesz felülkerekedni a zûrzavaron.;Váleèné vıdaje ponìkud vyèerpávají nìkteré bojující strany a ty zaèínají poadovat finanèní podporu. Investujeme-li své peníze uválivì, mohou námi podporované frakce porazit své oponenty a ukonèit celı ten zmatek.;;;;;;x
EVTOPTA6021;Îêàçàòü ïîääåğæêó;Envoyer du soutien;Unterstützen;Udziel wsparcia;Prestarles apoyo;Presta supporto;Támogatást küldünk;Poskytnout podporu;;;;;;x
EVTOPTB6021;Ïğîèãíîğèğîâàòü èõ ïğîñüáû;Ignorer les demandes;Ihre Bitten ignorieren;Zignoruj ich proœby;Hacer oídos sordos a sus súplicas;Ignorane le suppliche;Nem foglalkozunk velük;Ignorovat jejich ádost;;;;;;x
EVTNAME6022;Íàøà ôğàêöèÿ ìîæåò ğàñêîëîòüñÿ;La faction favorite menace de voler en éclats;Die für uns günstigste Fraktion droht sich zu spalten;GroŸba podzia³ów w faworyzowanej frakcji;Peligro de escisión en nuestra facción favorita;La fazione preferita minaccia di separarsi;A kedvenc pártunkat a széthulls fenyegeti;Oblíbená frakce se mùe rozpadnout;;;;;;x
EVTDESC6022;Ê íàøåìó ñîæàëåíèş, íà ëèäåğà ôğàêöèè, ïîëüçóşùåéñÿ íàøèì ğàñïîëîæåíèåì, ñòàëè îêàçûâàòü âëèÿíèå íåèçâåñòíûå. Â ğåçóëüòàòå âìåñòî îäíîé ãğóïïû, ìû ïîëó÷èëè äâå íîâûå ãğóïïèğîâêè, ñğàæàşùèåñÿ çà ğåñóğñû.;Il est venu à notre attention qu'un individu d'origine inconnue est parvenu à circonvenir l'opinion du chef de notre faction privilégiée. En conséquence, nous faisons maintenant face à deux groupes assoiffés de pouvoir pour eux-mêmes au lieu d'un.;Es ist uns zu Ohren gekommen, dass ein Individuum unbekannter Herkunft die Meinungen des Führers der uns günstigsten Fraktion zu ändern. Als Resultat sehen wir nun zwei Gruppen statt einer ins Auge, die nach individueller Macht streben.;Dosz³o do naszych uszu, ¿e pozycja przywódcy naszej faworyzowanej frakcji zosta³a zachwiana w wyniku dzia³añ pewnego cz³owieka niewiadomego pochodzenia. W konsekwencji stoimy przed mo¿liwoœci¹ zaistnienia dwóch grup walcz¹cych o w³adzê, zamiast jednej.;No hemos enterado de que un personaje de origen desconocido ha conseguido influir en el parecer del líder de nuestra facción favorita. A consecuencia de ello, ahora nos encontramos con dos grupos sedientos de poder para sí, en vez de uno.;Ci è giunta alla nostra attenzione che un individuo di origine sconosciuta è riuscito a influenzare l'opinione del leader della nostra fazione preferita. Di conseguenza, ora dobbiamo affrontare due (e non uno!) nuovi gruppi assetati di potere individuale.;Tudomásunkra jutott leghûbb pártunk vezetõje eddig tõle távol álló irányzat befolyása alá állt, és a párttagok egy része nem szimpatizál ezzel. Most úgy néz ki, hogy nem egy, hanem két riválissal kell szembenéznünk.;Dozvìdìli jsme se, e kdosi neznámı zaèal ovlivòovat mínìní vùdce naší oblíbené frakce. A místo toho tu nyní máme dvì frakce íznící po moci, ne u pouze jednu.;;;;;;x
EVTOPTA6022;Ïîçâîëèòü èì ğàçäåëèòüñÿ;Qu'ils partent en pièces !;Lasst sie sich nur aufspalten;Niech siê podziel¹;Que se escindan;Lasciali separare;Szakadjanak csak két részre;Jen a se rozdìlí;;;;;;x
EVTOPTB6022;Âñòàòü íà ñòîğîíó îäíîé èç ãğóïïèğîâîê;Prendre parti pour une des factions;Auf die Seite einer der Fraktionen schlagen;Stañ po stronie jednej z frakcji;Alinearse con una de las nuevas facciones;Alleati con una delle nuove fazioni;Az egyiket támogatjuk;Spojit se s jednou z frakcí;;;;;;x
EVTOPTC6022;Ïğèçâàòü ëèäåğîâ ôğàêöèé ê ïåğåãîâîğàì;Appeler les chefs de faction pour entamer des négociations;Fraktionsführer zusammenrufen, um Verhandlungen zu beginnen;Zwo³aj spotkanie przywódców frakcji, aby rozpocz¹æ rokowania;Hacer llamar a los líderes de las facciones para negociar;Convoca i leader della fazione per avviare le negoziazioni;Kihallgatjuk a vezetõt;Povolat vùdce frakce a zaèít vyjednávat;;;;;;x
EVTNAME6023;Âñåîáùàÿ âîéíà âñåõ ñî âñåìè;La guerre totale fait éruption en interne;Totaler Krieg bricht im Lande aus;Wybuch totalnej wojny domowej;Estalla una guerra total interna;La guerra emerge internamente;Totális háború robbant ki;Hrozí vnitøní totální válka;;;;;;x
EVTDESC6023;Òî, ÷òî âíà÷àëå êàçàëîñü íàì íåçíà÷èòåëüíûìè ñòû÷êàìè ìåæäó ôğàêöèÿìè, òåïåğü ïåğåğîñëî â íàñòîÿùóş âîéíó. Ïîïğàâèòü ïîëîæåíèå ñğàçó è ïîëíîñòüş íàì íå óäàñòñÿ, íî åñëè ìû ñåé÷àñ æå íå îòğåàãèğóåì íà ïğîèñõîäÿùåå, âñêîğå íàøà äåğæàâà áóäåò ïîëíîñòüş ğàçğóøåíà.;Ce qui avait initialement débuté par des disputes mineures entre différentes factions a tourné au véritable enfer. Le temps presse : si nous voulons agir, c'est le moment. Sinon, notre nation tombera en miettes sous nos yeux. ;Was als kleinere Zusammenstöße zwischen verschiedenen Fraktionen begann, hat sich zu reinem Chaos entwickelt. Wir haben nicht viel Zeit, dies ungeschehen zu machen, wenn wir also handeln wollen, muss es jetzt geschehen, oder unser Land wird vor unseren Augen zusammenbrechen.;Niewielkie spory pomiêdzy ró¿nymi frakcjami przerodzi³y siê w otwart¹ walkê. Nie mamy zbyt wiele czasu, aby to zaradziæ tej sytuacji. Jeœli mamy dzia³aæ, to zróbmy to teraz, bo inaczej to pañstwo rozpadnie siê na naszych oczach.;Lo que en un principio parecía una pugna menor entre distintas facciones se ha convertido en un caos absoluto. No tenemos mucho tiempo para arreglarlo. Si queremos actuar, ahora es el momento. De lo contrario, la nación se descompondrá ante nuestros ojos.;Ciò che all'inizio era iniziato come conflitti minori fra diverse fazioni è diventato ora un vero pandemonio. Non abbiamo molto tempo per risolvere la situazione: se non agiamo prontamente, la nazione si sbriciolerà davanti ai nostri occhi!;Ami eredetileg egyszerû nézeteltérésnek indult az egyes pártok között, az valóságos háborúba torkollt. Valamit tennünk kell, méghozzá minél elõbb, mert az idõ ellenünk dolgozik!;Co bylo zpoèátku nevelkım støetnutím dvou rùznıch frakcí, stalo se postupnì katastrofou. Nemáme moc èasu a musíme jednat – jinak se náš národ rozpadne.;;;;;;x
EVTOPTA6023;Ìû íè÷åãî íå ìîæåì ñäåëàòü;Nous ne pouvons rien y faire.;Wir können nichts daran ändern;Nic na to nie poradzimy;No podemos hacer nada al respecto;Non possiamo farci niente.;Semmit nem tehetünk ellene;Nemùeme s tím dìlat nic;;;;;;x
EVTOPTB6023;Ïîïûòàòüñÿ âûëå÷èòü ñàìûå ñòğàøíûå ÿçâû;Essayons de supprimer les points les plus chauds.;Versuchen wir, das Schlimmste auszubügeln;Spróbuj interwencji w miejscach zapalnych;Intentar contener los lugares más conflictivos;Cerca di sopprimere gli individui più pericolosi;Megpróbáljuk megoldani a legkritikusabb kérdéseket;Pokusit se potlaèit nejhorší projevy;;;;;;x
EVTNAME6024;Õàîñ â ñîñåäíåé ñòğàíå;Chaos dans le pays voisin;Chaos im Nachbarland;Chaos w s¹siednim pañstwie;Caos en un país vecino;Caos nel paese confinante;Káosz a szomszédos országban;Chaos v sousední zemi;;;;;;x
EVTDESC6024;Ïîãëîòèâøèé ñîñåäåé õàîñ ìåäëåííî ïğîäâèãàåòñÿ ê íàøèì ãğàíèöàì. Ğàçóìååòñÿ, ìîæíî ñêàçàòü, ÷òî îíè ñàìè äîëæíû ğåøàòü ñâîè ïğîáëåìû, íî íå â ıòîì ñëó÷àå. Ìîæåò, íàì ñòîèò ïîìî÷ü èì?;Le chaos qui a englouti notre voisin rampe lentement vers nos frontières. Contrairement à ce que l'on aurait pu croire, ils n'ont pas réussi à résoudre leurs petits problèmes. Devrions-nous les aider ?;Das Chaos in unserem Nachbarland kriecht langsam in Richtung unserer Grenzen. Man sollte denken, sie seien in der Lage, ihre eigenen Problemchen im Griff zu haben, aber das scheint nicht der Fall zu sein. Sollen wir versuchen, ihnen zu helfen?;Chaos, który ogarn¹³ s¹siednie pañstwo zbli¿a siê powoli do naszych granic. Wydawaæ by siê mog³o, ¿e bêdzie ono w stanie poradziæ sobie z tymi problemami, ale najwyraŸniej tak nie jest. Czy powinniœmy spróbowaæ im pomóc?;El caos que ha engullido a nuestro vecino se está acercando poco a poco a nuestras fronteras. En un principio pensamos que podrían arreglar sus rencillas por sí mismos, pero no ha sido el caso. ¿Intentamos ayudarles?;Il caos che ha inghiottito il nostro vicino sta lentamente avvicinandosi ai nostri confini. Pensavi che sapessero gestire i loro problemi secondari, ma a quanto pare non è così. Dovremmo aiutarli?;A szomszéd országban lévõ totális zûrzavar egyre közeledik határainkhoz. Az ember azt gondolná, hogy meg tudják oldani  saját gondjaikat, de úgy tûnik, ezúttal elkéne nekik egy kis segítség.;Chaos, kterı zachvátil naše sousedy, se pomalu blíí i k našim hranicím. Jeden by se domníval, e své problémy zvládnou sami, ale ne. Nemìli bychom jim pomoci?;;;;;;x
EVTOPTA6024;Ìû íè÷åì íå ìîæåì èì ïîìî÷ü;Nous ne pouvons nous le permettre.;Wir können uns nicht leisten, ihnen zu helfen;Nie jesteœmy w stanie im pomóc;No podemos permitirnos el lujo de ayudarles;Non possiamo permetterci di aiutarli.;Nem engedhetünk meg magunknak egy ilyen beavatkozást;Nemùeme si dovolit jim pomáhat;;;;;;x
EVTOPTB6024;Îáåñïå÷èòü çàùèòó íàøèõ ãğàíèö;Sécurisons nos frontières.;Unsere eigenen Grenzen sichern;Zabezpiecz nasze granice;Asegurar las fronteras;Fortifichiamo i nostri confini.;Biztosítjuk határainkat;Zabezpeèit vlastní hranice;;;;;;x
EVTOPTC6024;Îáåñïå÷èòü çàùèòó íàøèõ ãğàíèö è ïîìî÷ü èì;Sécurisons nos frontières et envoyons de l'aide.;Unsere eigenen Grenzen sichern und Hilfe entsenden;Zabezpiecz nasze granice i wyœlij pomoc;Asegurar las fronteras y enviarles ayuda;Fortifichiamo i nostri confini e inviamo aiuto.;Biztosítjuk határainkat és segítséget küldünk;Zabezpeèit vlastní hranice a poslat pomoc;;;;;;x
EVTNAME6025;Íàøà äåğæàâà ğàñïàäàåòñÿ íà ÷àñòè;Notre pays a explosé;Unser Land ist zersplittert;Rozpad naszego pañstwa;El país se ha escindido;Il nostro paese si è separato;Országon több részre szakadt;Naše zemì se rozdìlila;;;;;;x
EVTDESC6025;Ñèëüíûå ğàçíîãëàñèÿ ìåæäó ğàçëè÷íûìè ïîëèòè÷åñêèìè ïàğòèÿìè ğàñêîëîëè íàøó íàöèş. Ñåé÷àñ íàì âğÿä ëè óäàñòñÿ îáúåäèíèòü ñòğàíó, íî âñå æå ñòîèò ïîïûòàòüñÿ.;Les forts désaccords entre les différents groupes politiques ont fait éclater notre nation en plusieurs fragments plus petits. L'unification semble improbable en ce moment mais nous ne devons pas perdre espoir.;Die großen Meinungsverschiedenheiten zwischen den einzelnen politischen Gruppierungen haben unsere Nation in mehrere Fraktionen aufgespalten. Einigung scheint momentan unerreichbar, aber wir sollten nicht so schnell aufgeben.;Ogromne spory pomiêdzy ró¿nymi grupami politycznymi podzieli³y nasze pañstwo na kilka czêœci. Zjednoczenie obecnie jest ma³o prawdopodobne, ale nie powinniœmy tak ³atwo z niego rezygnowaæ.;Las acusadas diferencias entre los distintos grupos políticos han escindido la nación, dividiéndola en varios fragmentos más pequeños. La unificación se antoja improbable por ahora, pero no deberíamos rendirnos tan fácilmente.;I forti disaccordi fra i vari gruppi politici ha separato la nostra nazione in tanti frammenti minori. L'unificazione pare impossibile al momento, ma non dovremmo gettare la spugna.;A politikai csoportosulások közti nézeteltérések hatására országunk több kisebb részre szakadt. Az egyesítés jelen pillanatban esélytelen, ám nem szabad feladnunk.;Silné spory mezi rùznımi politickımi frakcemi rozdìlily náš národ na nìkolik menších frakcí. Nezdá se, e by se v tento moment náš národ dokázal znovu sjednotit, ale nemìli bychom se vzdávat tak snadno.;;;;;;x
EVTOPTA6025;Âñå îêîí÷åíî, ïóñòü èäóò ñ ìèğîì;C'est fini, laissons faire !;Es ist vorbei, lasst sie gehen;To ju¿ koniec. Puœciæ ich wolno.;Se acabó, que hagan lo que quieran;È finita: lasciali andare.;Vége… Hagyjuk õket elszakadni;Je po všem, a jdou;;;;;;x
EVTOPTB6025;Îáúåäèíèòü íàøè ñèëû è çàáûòü îá ıòîì;Consolidons nos forces et oublions-les.;Sammeln wir unsere Kräfte und vergessen wir sie;Skonsoliduj nasze si³y i zapomnij o nich;Consolidemos nuestras fuerzas y olvidémonos de ellos;Consolida le nostre armate e scordati di loro;Konszolidáljuk erõinket és hagyjuk õket elszakadni.;Zkonsolidovat naše síly a zapomenout na nì;;;;;;x
EVTOPTC6025;Êîãäà-íèáóäü ìû îòîìñòèì çà ıòî;Un jour, nous nous vengerons.;Eines Tages wird unser Tag der Rache kommen;Jeszcze kiedyœ siê zemœcimy;Algún día nos vengaremos;Un giorno, avremo la nostra vendetta.;Bosszút állunk;Však se jednoho dne pomstíme;;;;;;x
EVTNAME6026;Ïîÿâëåíèå âëèÿòåëüíûõ ôğàêöèé;Des factions dominantes émergent;Dominante Fraktionen treten hervor;Pojawiaj¹ siê dominuj¹ce frakcje;Aparecen facciones dominantes;Le fazioni dominanti emergono;Új pártok…;Objevují se dominantní frakce;;;;;;x
EVTDESC6026;Â çàòÿíóâøåìñÿ êîíôëèêòå ñëó÷èëñÿ íîâûé ïîâîğîò: çà ïîñëåäíèå íåñêîëüêî íåäåëü íåáîëüøèå ôğàêöèè ğåçêî óâåëè÷èëè ñâîş ñèëó è âëèÿíèå. İòè ãğóïïèğîâêè ìîãóò ïğåäñòàâëÿòü äëÿ íàñ ñåğüåçíóş óãğîçó.;Le conflit a pris un tour inattendu. Quelques-unes des factions les plus petites ont considérablement renforcé leur pouvoir et leur influence au cours des dernières semaines. Ces groupes risquent de poser de graves problèmes s'ils ne sont pas correctement maniés.;Der Konflikt hat eine unverhoffte Wendung genommen - einige der kleineren Fraktionen haben in den letzten Wochen immens an Macht und Einfluss gewonnen. Diese Gruppen könnten sich als ernsthafte Bedrohung herausstellen, wenn wir uns nicht vorsehen.;Konflikt przybra³ dosyæ niespodziewany obrót, poniewa¿ w ci¹gu kilku ostatnich tygodni niektórym z pomniejszych frakcji uda³o siê znacz¹co zwiêkszyæ w³adzê i wp³ywy. Te ugrupowania mog¹ stanowiæ powa¿ne zagro¿enie, jeœli nie zostan¹ przedsiêwziête odpowiednie kroki.;El conflicto ha dado un giro inesperado. Algunas de las facciones más pequeñas han crecido mucho en poder e influencia durante los meses pasados. Estos grupos podrían representar una grave amenaza si no vamos con cuidado.;Il conflitto ha preso una svolta inaspettata, qualche fazione minore ha aumentato il proprio potere e influenza nelle ultime poche settimane. Tali gruppi rappresentano una pericolosa minaccia, se non gestiti con cura.;Míg mindenki a vezetõ pártok marakodásával volt elfoglalva, pár kisebb csoportosulás sikeresen növelte befolyását. Ha nem figyelünk rájuk oda, ezek a csoportosulások még sok bajt okozhatnak.;Konflikt nabral neèekanı smìr, nìkteré malé frakce v uplynulıch tıdnech zvìtšily svùj vliv a moc. Tyto skupiny by se mohly stát nebezpeènou hrozbou.;;;;;;x
EVTOPTA6026;Áîğîòüñÿ ñ íèìè äî êîíöà;Combattons-les !;Kampf bis zum Letzten;Zwalczaj je;Combatir esto;Combatti;Megoldjuk, fegyverrel;Vyøešit to;;;;;;x
EVTOPTB6026;Íà÷àòü ïåğåãîâîğû ìåæäó ëèäåğàìè ôğàêöèé;Négocions un accord entre les factions majeures.;Eine Einigung zwischen den Fraktionen ausverhandeln;Wynegocjuj porozumienie pomiêdzy frakcjami;Negociar un acuerdo entre todas las facciones principales;Negozia un insediamento fra tutte le principali fazioni;Tárgyalunk minden vezetõ párttal;Sjednat mír mezi hlavními frakcemi;;;;;;x
EVTNAME6027;Ñğûâ ïåğåãîâîğîâ;Les négociations capotent;Verhandlungen brechen zusammen;Za³amanie rokowañ;Ruptura de las negociaciones;Le negoziazioni vanno all'aria;Kudarcba fulladt tárgyalások;Jednání selhalo;;;;;;x
EVTDESC6027;Íè îäíà èç ôğàêöèé íå ñòğåìèòñÿ ê äèàëîãó, à ïîòîìó ñîãëàøåíèå ìåæäó íèìè àáñîëşòíî íåâîçìîæíî. È ÷òî ñàìîå ñêâåğíîå, èõ ãîğäîñòü ğàç çà ğàçîì áåğåò âåğõ íàä çäğàâûì ñìûñëîì.;La volonté farouche et bruyante de chaque faction rend les négociations presque impossibles. Pire encore, leur fierté semble l'emporter sur le bon sens plus souvent qu'à son tour.;Der starke und ausgesprochene Wille jeder Fraktion macht Verhandlungen fast unmöglich. Diese Situation wird noch dadurch verschärft, dass ihr Stolz oft über ihre Vernunft siegt.;Upór przywódców poszczególnych frakcji niemal uniemo¿liwia prowadzenie rokowañ. Co gorsza, ich duma wydaje siê w wiêkszoœci przypadków braæ górê nad rozumem.;La fuerza y la voluntad de hacerse oír de cada facción imposibilitan las negociaciones. Para empeorar las cosas, con más frecuencia de la que no, su orgullo se impone al sentido común.;La volontà ferrea di ciascuna fazione rende le negoziazioni quasi impossibili. A peggiorare la situazione, il loro orgoglio pare dominarne il buon senso sempre più.;A makacs, rugalmatlan pártokkal szinte lehetetlen érdemben tárgyalni. A tárgyalásokat még jobban megnehezíti a büszkeségük…;Tvrdé postoje jednotlivıch frakcí èiní jednání témìø nemonım. Zdá se, e vìtšinu z nich ovládá pıcha, nikoliv zdravı rozum.;;;;;;x
EVTOPTA6027;Ìû äîëæíû âìåøàòüñÿ;Nous devons intervenir.;Wir müssen eingreifen;Musimy interweniowaæ;Debemos intervenir;Dobbiamo intervenire;Közbe kell lépnünk;Musíme zasáhnout;;;;;;x
EVTOPTB6027;Ïîçâîëèòü èì ñàìèì ğàçîáğàòüñÿ;Laissons-les se débrouiller.;Kampf bis zum Letzten;Niech walcz¹;Que lo solucionen matándose;Lasciamo che combattano fra di loro;Akkor majd megoldják a problémáikat…;A si to mezi sebou vyøídí;;;;;;x
EVTNAME6028;Âîéíà çàêàí÷èâàåòñÿ ïîäïèñàíèåì ìèğà;La guerre finit par une paix négociée;Krieg endet mit ausgehandeltem Frieden;Wynegocjowany pokój koñczy wojnê;La guerra termina con un acuerdo de paz;La guerra finisce con la pace negoziata;A háború béketárgyalásokkal zárul…;Válka konèí sjednanım mírem;;;;;;x
EVTDESC6028;Ïîñëå äîëãèõ ìåñÿöåâ ïåğåãîâîğîâ âñå âîâëå÷åííûå â ïğîöåññ ñòîğîíû íàêîíåö-òî ïğèøëè ê îêîí÷àòåëüíîìó ñîãëàøåíèş. Êàæåòñÿ, â íàøåé äåğæàâå ñíîâà íàñòàë ìèğ... èëè íåò?;Après plusieurs mois de négociations, toutes les parties impliquées semblent enfin être parvenues à se mettre d'accord. Une ère de paix s'instaure. Enfin… cela devrait.;Nach mehreren Monaten intensiver Verhandlungen scheinen alle Parteien endlich zu einer Übereinkunft gekommen zu sein. Eine Zeit des Friedens liegt endlich vor uns...oder trügt der Schein?;Po kilku miesi¹cach negocjacji, wszystkie frakcje w koñcu dosz³y do ostatecznego porozumienia. Przed nami w koñcu czas pokoju... czy na pewno?;Tras varios meses de negociaciones, parece que por fin todas las partes involucradas han llegado a un acuerdo definitivo. Al fin un periodo de paz se extiende ante nosotros... ¿o no?;Dopo parecchi mesi di negoziazione, tutte le parti coinvolte finalmente sembrano essere venute a un accordo finale. Ci attende finalmente un tempo di pace... vero?;Néhány hónapnyi tárgyalás után úgy tûnik, minden párt számára elfogadható egyezséget sikerült kötnünk. Végre elérkezett a béke ideje… Vagy mégsem?;Po nìkolika mìsících vyjednávání zúèastnìné strany koneènì dospìly k nìjakému závìru. Koneènì nás èeká mír… nebo ne?;;;;;;x
EVTOPTA6028;Ñîãëàñèòüñÿ ñ èõ ïğåäëîæåíèåì;Accepter la proposition;Ihrem Vorschlag zustimmen;WyraŸ zgodê na ich propozycjê;Acceder a la propuesta;Accetti la loro proposta;Elfogadjuk az elõterjesztésüket;Souhlasit s jejich návrhem;;;;;;x
EVTOPTB6028;Âíåñòè èçìåíåíèÿ â äîêóìåíò;Apporter des changements à l'accord;Kleingedrucktes ändern;WprowadŸ niewielkie zmiany;Enmendar el borrador final;Cambi le clausole secondarie;Változtatunk a megállapodáson;Zmìnit drobné písmo;;;;;;x
MAY_LOWER_N_ATTRITION;Ñîêğàùàåò ïîòåğè êîğàáëåé âñëåäñòâèå èñòîùåíèÿ.\n;Usure navale réduite;Reduzierte Flottenzermürbung;Zmniejszone zu¿ycie na morzu;Desgaste de la armada reducido;Attrito navale minore;Csökkentett tengeri elhasználódás;Sníené ztráty na moøi;;;;;;x
positive_stability;Ïîëîæèòåëüíàÿ ñòàáèëüíîñòü;Stabilité positive;Positive Stabilität;Dodatnia stabilnoœæ;Estabilidad positiva;Stabilità positiva;Pozitív stabilitás;Pozitivní stabilita;;;;;;x
negative_stability;Îòğèöàòåëüíàÿ ñòàáèëüíîñòü;Stabilité négative;Negative Stabilität;Ujemna stabilnoœæ;Estabilidad negativa;Stabilità negativa;Negatív stabilitás;Negativní stabilita;;;;;;x
MS_BAD_VERSION;Íåïğàâèëüíàÿ âåğñèÿ. Ïîæàëóéñòà, óñòàíîâèòå ïîñëåäíåå îáíîâëåíèå.;Version incorrecte. Veuillez télécharger le patch le plus récent.;Falsche Version. Bitte installieren Sie das letzte Update von Paradox.;Z³a wersja. Prosimy o pobranie najnowszego patcha.;Versión incorrecta. Descarga la última actualización, por favor.;versione errata. Scarica l'ultima patch.;Rossz verzió. Kérem, töltse le a legújabb patchet.;Špatná verze. Stáhnìte aktuální opravnı soubor.;;;;;;x
maneuver;Ìàíåâğåííîñòü =;Manœuvre;Manöver;Manewr;Maniobra;manovra;Manõver;Manévrovatelnost;;;;;;x
siege;Ñïîñîáíîñòü ê îñàäå =;Siège;Belagerung;Oblê¿enie;Asedio;Assedio;Ostrom;Obleení;;;;;;x
fire;Îãíåâàÿ ìîùü =;Feu;Fernkampf;Ostrza³;Disparo;Fuoco;Tûz;Palba;;;;;;x
shock;Ìîùü íàòèñêà =;Choc;Nahkampf;Starcie;Choque;Shock;Sokk;Šok;;;;;;x
dice;Êóáèê =;Dés;Würfel;Rzut koœci¹;Dados;Dadi;Kocka;Kostka;;;;;;x
NO_LEADER;Íåò êîìàíäóşùåãî;Pas de chef;Kein Anführer;Brak dowódcy;Sin líder;Nessun leader;Nincs vezetõ;Bez velitele;;;;;;x
NO_ADVISOR;Íåò ñîâåòíèêà;Pas de conseiller;Kein Berater;Brak doradcy;Sin consejero;Nessun consigliere;Nincs tanácsadó;Bez poradce;;;;;;x
CONVREL_KINGFORCED;Íàñ çàñòàâèëè èçìåíèòü ğåëèãèş, ïîıòîìó ìû íå ìîæåì ïğèíÿòü äğóãóş âåğó ïğè ıòîì ïğàâèòåëå.;Nous avons été forcés de changer de religion et il nous est impossible d'en changer à nouveau sous le règne de notre souverain actuel.;Wir sind zum Religionswechsel gezwungen worden und können unter unserem derzeitigen Herrscher unsere Religion nicht ändern.;Zostaliœmy zmuszeni do zmiany religii i nie mo¿emy zmieniæ jej pod rz¹dami panuj¹cego obecnie w³adcy;Nos hemos visto obligados a cambiar de religión, y no podemos hacerlo con el gobernante que tenemos actualmente.;Siamo stati costretti a modificare religione e non possiamo cambiare religione sotto l'attuale governante.;Kényszerítettek minket az államvallás megváltoztatására.;Byli jsme donuceni ke zmìnì víry, ale se souèasnım panovníkem víru zmìnit nemùeme.;;;;;;x
OFFENSEDESCR;Çíà÷åíèå ğóêîïàøíîãî áîÿ ïîêàçûâàåò, êàêîé óğîí ïîäğàçäåëåíèå íàíîñèò ïğîòèâíèêó âî âğåìÿ ğóêîïàøíîé ñõâàòêè. Óğîí çàâèñèò îò àòàêè âğóêîïàøíóş íàñòóïàşùåãî ïîäğàçäåëåíèÿ è îáîğîíû âğóêîïàøíóş çàùèùàşùåãîñÿ.;*;*;*;*;*;*;*;;;;;;x
