MILALLWEBAN_BTN3;Перейти;Voir;Zeigen;Idџ do;Ir allн;Vai a;Ugrбs;Pшejнt na;;;;;;x
ALL_PLAYERS_HERE;Все игроки на месте.;Tous les joueurs sont arrivйs.;Alle Spieler sind angekommen.;Wszyscy gracze s№ dostкpni.;Han llegado todos los jugadores.;Tutti i giocatori sono arrivati;Minden jбtйkos megйrkezett.;Vљichni hrбиi dorazili.;;;;;;x
MILD_WINTER;Мягкая зима;Hiver doux;milder Winter;^agodna zima;Invierno suave;Inverno mite;Enyhe tйl;Mнrnб zima;;;;;;x
NORMAL_WINTER;Нормальная зима;Hiver normal;normaler Winter;Normalna zima;Invierno normal;Inverno normale;Бtlagos tйl;Normбlnн zima;;;;;;x
SEVERE_WINTER;Суровая зима;Hiver rude;strenger Winter;Mroџna zima;Invierno duro;Inverno rigido;Hideg tйl;Krutб zima;;;;;;x
alert_revoltrisk_in_provinces_instant;§YВозможны восстания!§W;§YRevoltes possibles§W;§YRevolten mцglich§W;§YMoїliwoњж buntu§W;§YPosibles rebeliones§W;Possibili rivolte;§YLбzadбs lehetsйges§W;§YMoћnй revolty§W;;;;;;x
alert_revoltrisk_in_provinces_delayed;В следующих провинциях недовольство может перерасти в мятеж:\n$LIST$;Les provinces suivantes courent un risque de se rйvolter.\n$LIST$.;Die folgenden Provinzen laufen Gefahr, zu revoltieren:\n$LIST$.;Nastкpuj№ce prowincje s№ zagroїone buntem.\n$LIST$;Las siguientes provincias corren el riego de sufrir una rebeliуn.\n$LIST$;Le seguenti province sono a rischio di rivolta.\n$LIST$;A kцvetkezх provinciбkon бll fent lбzadбs esйlye.\n$LIST$;V nбsledujнcнch provinciнch mщћe propuknout revolta.\n$LIST$;;;;;;x
SM_MULTISAMPLE;Сглаживание;Niveau de dйtail graphique;Multisample Level;Poziom prуbkowania;Nivel de 'antialiasing';Livello multisample;Tцbbszцrцs mintavйtelezйs szintje;Ъroveт vzorkovбnн;;;;;;x
RESTART_REQ;Требуется перезагрузка;Redйmarrage requis;Neustart erforderlich ;Wymaga ponownego uruchomienia gry;Es necesario reiniciar.;Riavvio richiesto;Ъjraindнtбst igйnyel;Poћadovбn restart;;;;;;x
RESTART_REQ_DESC;Необходимо перезагрузить игру, прежде чем изменения вступят в силу.;Vous devez redйmarrer le jeu pour que les changements prennent effet.;Sie mьssen das Spiel neu starten, damit die Дnderungen aktiv werden..;Aby zmiany zostaіy wprowadzone, musisz ponownie uruchomiж grк.;Para que estos cambios tengan efecto, debes reiniciar el juego.;Devi riavviare il gioco per applicare queste modifiche.;A vбltoztatбsok йrvйnybelйpйsйhez ъjra kell indнtani a jбtйkot.;Zmмny se uplatnн aћ po restartu hry (musнte restartovat hru).;;;;;;x
very_easy_player;Очень легко;Trиs facile;Schwierigkeitsstufe sehr leicht;Bardzo іatwy;Dificultad: Muy fбcil;Molto facile;Nagyon kцnnyы;Obtнћnost: velmi snadnб;;;;;;x
easy_player;Легко;Facile;Schwierigkeitsstufe leicht;^atwy;Dificultad: Fбcil;Facile;Kцnnyы;Obtнћnost: snadnб;;;;;;x
hard_player;Сложно;Difficile;Schwierigkeitsstufe schwer;Trudny;Dificultad: Difнcil;Difficile;Nehйz;Obtнћnost: tмћkб;;;;;;x
very_hard_player;Очень сложно;Trиs difficile;Schwierigkeitsstufe sehr schwer;Bardzo trudny;Dificultad: Muy difнcil;Molto difficile;Nagyon nehйz;Obtнћnost: velmi tмћkб;;;;;;x
very_easy_ai;Очень легко;Trиs facile;Schwierigkeitsstufe sehr leicht;Bardzo іatwy;Dificultad: Muy fбcil;Molto facile;Nagyon kцnnyы;Obtнћnost: velmi snadnб;;;;;;x
easy_ai;Легко;Facile;Schwierigkeitsstufe leicht;^atwy;Dificultad: Fбcil;Facile;Kцnnyы;Obtнћnost: snadnб;;;;;;x
hard_ai;Сложно;Difficile;Schwierigkeitsstufe schwer;Trudny;Dificultad: Difнcil;Difficile;Nehйz;Obtнћnost: tмћkб;;;;;;x
very_hard_ai;Очень сложно;Trиs difficile;Schwierigkeitsstufe sehr schwer;Bardzo trudny;Dificultad: Muy difнcil;Molto difficile;Nagyon nehйz;Obtнћnost: velmi tмћkб;;;;;;x
CORE_MP_PAUSED_NAME;Игра приостановлена игроком $PLAYER$.;Pause demandйe par $PLAYER$;Pause durch $PLAYER$.;Gra zatrzymana przez gracza $PLAYER$.;En pausa por $PLAYER$.;Messo in pausa da $PLAYER$.;A jбtйkot megбllнtotta: $PLAYER$.;Pozastaveno hrбиem $PLAYER$.;;;;;;x
CORE_MP_PAUSED;Паузу можно снять через $TIME$ сек.;$TIME$ avant que quiconque puisse continuer…;$TIME$ bis jeder die Pause beenden kann....;Pozostaіo $TIME$ do wznowienia gry...;Nadie puede reanudar la partida hasta dentro de $TIME$...;Impossibile riprendere a giocare per: $TIME$.;$TIME$ mъlva bбrki elindнthatja a jбtйkot.;$TIME$ zbэvб, neћ bude moci nмkdo zruљit pauzu...;;;;;;x
OOS_TITLE;Ошибка!;Erreur !;Fehler!;Bі№d!;ЎError!;Errore!;Hiba!;Chyba!;;;;;;x
OOS_DESC;Игра не синхронизирована!;Le jeu n'est plus synchronisй !;Spiel ist nicht lдnger synchron!;Brak synchronizacji w grze!;ЎLa partida ya no estб sincronizada!;Il gioco non и piщ sincronizzato!;A jбtйkosok nincsennek szinkronban!;Hra nenн nadбle synchronizovбna!;;;;;;x
NO_CANNON;Мы пока не умеем производить орудия.;Vous n'avez pas encore appris comment faire des canons.;Wir haben noch nicht gelernt, wie man Kanonen herstellt.;Jeszcze nie wiemy, jak wytwarzaж armaty.;Aъn no hemos aprendido a fabricar caсones.;Non sappiamo ancora come produrre i cannoni.;Mйg nem tudunk бgyъkat kйszнteni.;Jeљtм neumнme vyrбbмt kanуny.;;;;;;x
FE_TUTORIAL;Обучение;Didacticiel;Einfьhrung;Samouczek;Tutoriales;Tutorial;Oktatбs;Ъvodnн ибst;;;;;;x
base_values;Базовое значение;Valeur de base;Basiswert;Stawka podstawowa;Valor base;Valore di base;Alapйrtйk;Zбkladnн hodnota;;;;;;x
EMPIRE_MEMBER;Державы, входящие в состав Священной Римской империи, имеют хорошие отношения друг с другом и могут избирать императора.;Les membres de l'empire auront de meilleures relations avec les autres membres et pourront кtre йlus empereur.;Mitglieder des Reichs werden bessere Beziehungen zu anderen Mitgliedern haben und kцnnen zum Kaiser gewдhlt werden. ;Paсstwa wchodzace w skіad cesarstwa bкd№ miaіy lepsze stosunki wzajemne, a wіadca kaїdego z nich moїe zostaж wybrany cesarzem.;Los miembros del imperio gozarбn de mejores relaciones con los demбs miembros y pueden ser elegidos emperadores.;I membri dell'Impero avranno relazioni migliori con gli altri membri e potranno essere eletti Imperatore.;A birodalom tagjai jobb viszonyban бllnak egymбssal, йs tцbb esйlyьk van rб, hogy megvбlasztjбk хket csбszбrnak.;Pшнsluљnнci impйria majн lepљн vztahy s ostatnнmi pшнsluљnнky a mohou bэt zvoleni za cнsaшe.;;;;;;x
LEDGER_NATIONAL_STASTISTICS;Статистика;Statistiques nationales;Nationale Statistiken;Statystyki paсstwa;Estadнsticas nacionales;Statistiche nazionali;Nemzeti statisztikбk;Nбrodnн statistiky;;;;;;x
LEDGER_NATIONAL_COMPARISON;Сравнение держав;Comparaison nationale;Nationenvergleich;Porуwnanie paсstw;Comparativa de naciones;Confronto nazionale;Nemzetek цsszehasonlнtбsa;Srovnбnн nбrodщ;;;;;;x
LEDGER_ECONOMICS;Экономика;Йconomie;Wirtschaft;Ekonomia;Economнa;Economia;Gazdasбg;Ekonomika;;;;;;x
LEDGER_MILITARY_STATISTICS;Военная статистика;Statistiques militaires;Militдrstatistiken;Statystyki wojskowe;Estadнsticas militares;Statistiche militari;Katonai statisztikбk;Vojenskй statistiky;;;;;;x
LEDGER_RELATIONS;Отношения;Relations;Beziehungen;Stosunki;Relaciones;Relazioni;Kapcsolatok;Vztahy;;;;;;x
LEDGER_TRUCE_L;Мы заключили перемирие с этими державами. Объявление войны любой из них будет расцениваться мировым сообществом как подлый и недостойный поступок. Известие о том, что наш правитель не держит свое слово, также вызовет сильные волнения внутри страны.;Nous avons des trкves avec les pays suivants. Dйclarer la guerre а ces pays sera considйrй comme un acte particuliиrement vil par le reste du monde et notre peuple sera inquiet s'il pense que ses gouvernants ne peuvent tenir leur parole.;Wir haben eine Waffenruhe mit den folgenden Nationen. Eine Kriegserklдrung an eine dieser Nationen wird von anderen Lдndern als besonders heimtьckischer Akt angesehen werden und unsere Untertanen werden besorgt darьber sein, da sie glauben ihrem Herrscher kann man nicht mehr vertrauen sein Wort zu halten. ;Mamy rozejm z wymienionymi paсstwami. Wypowiedzenie wojny tym krajom bкdzie uznane przez resztк њwiata za czyn wyj№tkowo haniebny. W dodatku nasz lud ogarnie niepokуj, spowodowany faktem, їe ich wіadca nie umie dotrzymaж danego sіowa.;Tenemos una tregua con los siguientes paнses. El resto del mundo considerarб un acto de particular vileza el declararles la guerra a estos paнses. Ademбs, germinarб la idea en nuestro pueblo de que no se puede confiar en la palabra de su gobernante. ;Abbiamo una tregua coi seguenti paesi. Dichiarare loro guerra sarа considerata un'azione vile da tutto il mondo. Inoltre, il nostro popolo si preoccuperа della scarsa affidabilitа del proprio governante.;A kцvetkezх nemzetekkel kцtцttьnk fegyverszьneti megбllapodбst. Ha hбborъba lйpьnk ezekkel a nemzetekkel, azt a vilбg tцbbi rйsze ocsmбny dolognak fogja tartani, tovбbbб a lakosaink aggodalmaskodni kezdenek, mivel nem adhatnak az uralkodуjuk szavбra.;Mбme pшнmмшн s nбsledujнcнmi zemмmi. Vyhlбљenн vбlky tмmto zemнm bude zbytek svмta vnнmat jako obzvlбљќ odpornэ akt. Navнc i nбљ vlastnн nбrod nebude nadљen panovnнkem poruљujнcнm svй slovo.;;;;;;x
LEDGER_TRUCE_S;Перемирие;Trкves;Waffenruhen;Rozejm;Tregua;Tregua;Fegyverszьnet;Pшнmмшн;;;;;;x
CANCELMILACCNEWDESC;Вы действительно хотите отказаться от прохода войск, который нам предоставляет держава $COUNTRY$? Мы больше не сможем проходить через их земли и пользоваться их портами.;Souhaitez vous rйvoquer le traitй d'accиs militaire avec $COUNTRY$ ? Le faire empкchera leurs troupes d'accйder а notre pays et а nos ports.;Wьnschen Sie, das militдrische Durchmarschrecht zu wiederrufen, das wir $COUNTRY$ gewдhrt haben? Dies wird verhindern, dass ihre Truppen unsere Gebiete und Hдfen benutzen.;Czy chcesz anulowaж zgodк na przemarsz wojsk dan№ nam przez paсstwo $COUNTRY$? W wyniku tej decyzji nasze wojska przestan№ mieж swobodny dostкp do ich ziem i portуw. ;їDeseбis revocar el acceso militar que concedisteis a $COUNTRY$? Hacerlo supondrнa que sus tropas no podrнan pasar por nuestros territorios y puertos.;Desideri revocare l'accesso militare concesso a: $COUNTRY$? In questo modo, impedirai alle loro truppe di accedere al nostro paese e ai nostri porti.;Biztos vagy benne, hogy vissza akarod vonni a katonai hozzбfйrйst, melyet $COUNTRY$ adomбnyozott? Ezбltal csapataink nem lйphetnek a terьletьkre йs a kikцtхikbe.;Chcete zruљit vojenskэ pшнstup poskytnutэ nбm zemн $COUNTRY$? Naљe zemм nadбle nebudou mнt pшнstup do tйto zemм a do jejнch pшнstavщ.;;;;;;x
city;Город;Citй;Stadt;Miasto;Ciudad;Cittа;Vбros;Mмsto;;;;;;x
PROV_BASETAX_DESCR;Доход от провинции, имеющей полноценный город, достигает значения ее базового налога.;C'est la valeur de base d'impфt que cette province fournira quand la citй sera entiиrement construite.;Dies ist der Basiswert der Steuern, die diese Provinz zahlen wird, wenn sie zu einer Stadt ausgebaut wurde. ;Jest to stawka podstawowa podatku z tej prowincji, kiedy na jej terenie powstanie w peіni rozwiniкte miasto.;Este es el valor de la base impositiva que esta provincia generarб cuando su desarrollo sea el de una ciudad en toda regla.;Questo и il valore di base delle tasse che questa provincia fornirа quando si sarа sviluppata in una cittа completa.;Ennyi adуbevйtelt hozna ez a provincia, ha egy teljesen kifejlett vбros lenne rajta.;Toto je zбkladnн hodnota daтovйho vэnosu, kterэ bude tato provincie poskytovat, aћ vznikne plnohodnotnй mмsto.;;;;;;x
NO_EFFECT;Нет эффектов;Pas d'effet;Kein Effekt;Brak efektуw;Ningъn efecto;Nessun effetto;Nincs hatбsa;Bez efektu;;;;;;x
SMIL_CONST_TIP;Строительство корабля §Y$TYPE$§W будет завершено §Y$DATE$§W.;Un vaisseau de type §Y$TYPE$§W sera mis а la mer dans ce port d'ici §Y$DATE$§W.;Ein §Y$TYPE$§W wird hier vom Stapel gelassen, am §Y$DATE$§W.;§Y$TYPE$§W zostanie wysіany w morze w dniu §Y$DATE$§W.;El §Y$DATE$§W, aquн se botarб un §Y$TYPE$§W.;Un'imbarcazione: §Y$TYPE$§W salperа qui il §Y$DATE$§W.;§Y$TYPE$§W tengerre kerьl ekkor: §Y$DATE$§W.;§Y$TYPE$§W bude spuљtмna na moшe dne §Y$DATE$§W.;;;;;;x
NONE_AVAILABLE;Недоступно.;Aucun de disponible,;Keine verfьgbar.;Brak dostкpnych.;No hay disponibles.;Non disponibili;Nem йrhetх el.;Nenн k dispozici.;;;;;;x
NO_MERCS_DESC;В данный момент нет доступных наемников.;Il n'y a pas de mercenaires disponibles en ce moment.;Es gibt derzeit keine verfьgbaren Sцldner.;Brak dostкpnych najemnikуw.;En este momento no hay mercenarios disponibles.;Al momento, non ci sono mercenari disponibili.;Jelenleg nincs elйrhetх kereskedхnk.;Nejsou k dispozici ћбdnн ћoldnйшi.;;;;;;x
AFFORD_SHIP_COST;Мы не можем позволить себе построить этот корабль. Для этого требуется как минимум $COST$¤;Vous ne pouvez pas vous permettre ce vaisseau. Il vous faut au moins $COST$.;Wir kцnnen uns dieses Schiff nicht leisten. Wir benцtigen mindestens $COST$ ¤;Nie staж ciк na budowк tego okrкtu. Potrzebujesz przynajmniej $COST$ ¤.;No podйis permitiros este barco. Necesitбis al menos $COST$ ¤;Non puoi permetterti questa nave. TI servono almeno $COST$ ¤;Nincs elйg pйnzed erre a hajуra, legalбbb $COST$ dukбtra van szьksйged.;Na tuto loп nemбte penнze. Potшebujete alespoт $COST$ ¤;;;;;;x
admiralty_short;Адмиралтейство;Amirautй;Admiralitдt;Admiralicja;Almirantazgo;Ammiragliato;Hajуzбsi tanбcs;Ministerstvo nбmoшnictvн;;;;;;x
artisan_workshop_short;Ремесленная мастерская;Ateliers d'artisans;Handwerksbetrieb;Warsztat rzemieњlniczy;Taller de artesanнa;Laboratorio artigiano;Mestermыhely;Шemeslnнci;;;;;;x
cathedral_short;Собор;Cathйdrale;Kathedrale;Katedra;Catedral;Cattedrale;Katedrбlis;Katedrбla;;;;;;x
constable_short;Резиденция коменданта;Police;Marschall;Konstabl;Alguacil;Guardia;Felьgyelх;Konstбbl;;;;;;x
courthouse_short;Резиденция верховного судьи;Tribunal;Gerichtshof;S№d;Palacio de justicia;Palazzo di Giustizia;Bнrуsбg;Soudnн dvщr;;;;;;x
customs_house_short;Таможня;Douanes;Zollhaus;Urz№d celny;Aduana;Ufficio doganale;Vбmьgyi hivatal;Obytnэ dщm;;;;;;x
farm_estate_short;Поместье;Domaine fermier;Farmland;Posiadіoњж rolna;Granja;Podere;Farmbirtok;Farma;;;;;;x
fine_arts_academy_short;Академия искусств;Acadйmie des Beaux-Arts;Kunstakademie;Akademia Sztuk Piкknych;Academia de bellas artes;Accademia di belle arti;Szйpmыvйszeti Akadйmia;Akademie umмnн;;;;;;x
fiscal_bureau_short;Фискальное бюро;Administration fiscale;Finanzamt;Biuro rachunkowe;Oficina de hacienda;Ufficio fiscale;Pйnzьgyi hivatal;Fiskбlnн ъшad;;;;;;x
fort1_short;Крепость 1 уровня;Fort de niveau 1;Festung Stufe 1;Forteca Poziom 1;Fuerte de nivel 1;Fortezza di livello 1;1. szintы erхd;Pevnost 1. ъrovnм;;;;;;x
fort2_short;Крепость 2 уровня;Fort de niveau 2;Festung Stufe 2;Forteca Poziom 2;Fuerte de nivel 2;Fortezza di livello 2;2. szintы erхd;Pevnost 2. ъrovnм;;;;;;x
fort3_short;Крепость 3 уровня;Fort de niveau 3;Festung Stufe 3;Forteca Poziom 3;Fuerte de nivel 3;Fortezza di livello 3;3. szintы erхd;Pevnost 3. ъrovnм;;;;;;x
fort4_short;Крепость 4 уровня;Fort de niveau 4;Festung Stufe 4;Forteca Poziom 4;Fuerte de nivel 4;Fortezza di livello 4;4. szintы erхd;Pevnost 4. ъrovnм;;;;;;x
fort5_short;Крепость 5 уровня;Fort de niveau 5;Festung Stufe 5;Forteca Poziom 5;Fuerte de nivel 5;Fortezza di livello 5;5. szintы erхd;Pevnost 5. ъrovnм;;;;;;x
fort6_short;Крепость 6 уровня;Fort de niveau 6;Festung Stufe 6;Forteca Poziom 6;Fuerte de nivel 6;Fortezza di livello 6;6. szintы erхd;Pevnost 6. ъrovnм;;;;;;x
inspection_agency_short;Ревизор;Agence d'inspection;Inspektionsagentur;Inspektorat;Agencia de inspecciуn;Agenzia di ispezione;Ellenхrzхьgynцksйg;Inspekиnн vэbor;;;;;;x
local_market_short;Рынок;Foire locale;Lokaler Markt;Lokalny rynek;Mercado local;Mercato locale;Helyi piac;Mнstnн trh;;;;;;x
marketplace_short;Рынок;Marchй;Marktplatz;Targ;Plaza del mercado;Mercato;Piac;Trћiљtм;;;;;;x
naval_college_short;Морская академия;Acadйmie navale;Flottenakademie;Akademia Marynarki;Escuela naval;Accademia navale;Tengerйszeti akadйmia;Nбmoшnн akademie;;;;;;x
none_short;отсутствует;rien;keine;brak;Nada  ;nessuno/a;nincs;ћбdnэ;;;;;;x
plantation_short;Плантация;Plantation;Pflanzung;Plantacja;Plantaciуn;Piantagione;Ьltetvйny;Plantбћ;;;;;;x
refinery_short;Винодельня;Distillerie;Raffinerie;Rafineria;Refinerнa;Raffineria;Finomнtу;Rafinerie;;;;;;x
regimental_camp_short;Казарма;Centre de recrutement;Regimentslager;Obуz wojskowy;Campamento militar;Accampamento reggimentale;Ezredtбbor;Vojenskэ tбbor;;;;;;x
shipyard_short;Верфь;Chantier naval;Schiffswerft;Stocznia;Astillero;Cantiere navale;Hajуgyбr;Doky;;;;;;x
spy_headquarter_short;Тайная канцелярия;Secret du roi;Spionagehauptquartier;Kwatera wywiadu;Red de espionaje;Quartier generale di spionaggio;Kйmkцzpont;Velenн rozvмdky;;;;;;x
tax_assessor_short;Резиденция сборщика налогов;Inspection des impфts;Steuereinschдtzer;Poborca podatkowy;Asesor fiscal;Ispettore fiscale;Adуszedх;Vэbмrин danн;;;;;;x
temple_short;Храм;Йdifice religieux;Tempel;Њwi№tynia;Templo;Tempio;Templom;Chrбm;;;;;;x
textile_short;Текстильная мануфактура;Textile;Textil;Przкdzalnia;F. textil;Manifattura tessile;Textil;Textilnн manufaktura;;;;;;x
trade_company_short;Торговая компания;Compagnie commerciale;Handelsbetrieb;Kompania handlowa;Compaснa mercantil;Compagnia commerciale;Kereskedхvбllalat;Obchodnн spoleиnost;;;;;;x
university_short;Университет;Universitй;Universitдt;Uniwersytet;Universidad;Universitа;Egyetem;Univerzita;;;;;;x
war_college_short;Военная академия;Йcole de guerre;Kriegskolleg;Akademia wojskowa;Escuela militar;Scuola di guerra;Hбborъs segйly;Vojenskб akademie;;;;;;x
weapons_short;Военная мануфактура;Armes;Waffen;Wytwуrnia broni;Armas;Manifattura di armi;Fegyverek;Zbranм;;;;;;x
wharf_short;Морская мануфактура;Armement naval;Flottenausrьstung;Wytwуrnia wyposaїenia okrкtowego;Suministros navales;Manifattura di dotazioni navali;Tengerйszeti felszerelйsek;Nбmoшnн vybavenн;;;;;;x
workshop_short;Мастерская;Atelier;Werkstatt;Warsztat;Taller;Laboratorio;Mыhely;Dнlna;;;;;;x
EVTNAME2036;Беспорядки на почве религии;Troubles religieux;Religiцse Unruhe;Niepokoje religijne;Guerra de religiуn;Tumulto religioso;Vallбsi zыrzavar;Nбboћenskй rozmнљky;;;;;;x
EVTDESC2036;До нас дошли сведения, что император планирует выступить против всех протестантских государств Европы. Он намерен очистить свои владения от еретиков к концу года. Если мы хотим защитить свою веру, нам следует хорошенько подготовиться.;Des rapports nous sont parvenus disant que l'empereur planifie de marcher contre tous les Йtats protestants de l'empire. Il est dйterminй а nettoyer les terres du Saint Empire de la racaille hйrйtique avant la fin de l'annйe. Si nous voulons rester fidиles а notre foi, nous devrons nous prйparer.;Berichte haben uns erreicht, nach denen der Kaiser plant, gegen alle protestantischen Staaten im Reich zu marschieren. Er ist fest entschlossen, die Heiligen Rцmischen Lande von allen Ketzern zu befreien, bevor das Jahr zu Ende geht. Wenn wir treu zu unserem Glauben stehen wollen, mьssen wir uns vorbereiten.;Doszіy nas sіuchy, їe cesarz zamierza wyruszyж przeciwko wszystkim paсstwom protestanckim w cesarstwie. Jest zdeterminowany, aby oczyњciж ziemie Њwiкtego Cesarstwa Rzymskiego z heretykуw jeszcze przed koсcem tego roku. Jeњli chcemy zostaж przy prawdziwej wierze, musimy rozpocz№ж stosowne przygotowania.;Nos han llegado informes de que el Emperador planea arremeter contra todos los estados protestantes del Imperio. Estб decidido a limpiar de herejes los territorios del Sacro Imperio antes de que finalice el aсo. Si vamos a mantenernos fieles a nuestra fe, tendremos que hacer preparativos.;Secondo i rapporti, l'Imperatore ha intenzione di marciare contro tutti gli stati protestanti dell'Impero. И determinato a purificare i territori del Sacro Romano Impero da ogni eretico prima che l'anno finisca. Se vogliamo mantenere la nostra fede, dovremo prepararci.;Reports have reached us that the Emperor is planning to march against all Protestant states in the Empire. He is determined to cleanse the Holy Roman lands of all heretics before the end of the year. If we are to stay true to our faith, we'll have to make preparations.;Doneslo se nбm, ћe imperбtor plбnuje nasazenн vojenskй sнly ve vљech protestantskэch stбtech v impйriu. Je odhodlбn do konce roku vyиistit vљechny zemм Svatй шнљe шнmskй od heretikщ. Hodlбme-li vytrvat ve svй vншe, musнme se pшipravit.;;;;;;x
EVTOPTA2036;Провозгласить религиозную независимость;Proclamer l'indйpendance religieuse.;Religiцse Unabhдngigkeit ausrufen;Ogіoњ niezaleїnoњж religijn№!;Proclamar la independencia religiosa;Proclamare l'indipendenza religiosa;Proclaim religious independence;Proklamovat nбboћenskou nezбvislost;;;;;;x
EVTOPTB2036;Присягнуть на верность императору;Notre allйgeance va а notre Empereur.;Unsere Loyalitдt gilt dem Kaiser;Jesteњmy lojalni wobec cesarza.;Nuestra lealtad se debe al Emperador;La nostra alleanza и con l'Imperatore;Our allegiance lies with the Emperor;Naљe vмrnost nбleћн cнsaшi;;;;;;x
EXPIRES_ON;Срок действия истекает §Y$DATE$§W;Expire au §Y$DATE$§W;Lдuft aus am §Y$DATE$§W;Wygasa: §Y$DATE$§W;Expira el §Y$DATE$§W;Scade il §Y$DATE$§W;Ekkor jбr le: §Y$DATE$§W;Vyprљн dne §Y$DATE$§W;;;;;;x
FINISHED_ON;Строительство будет завершено $DATE$.;Fini le $DATE$.;Fertigstellung am $DATE$.;Zakoсczenie: $DATE$.;Finalizado el $DATE$.;Finito il $DATE$.;Ekkor kйszьl el: $DATE$.;Dokonиeno dne $DATE$.;;;;;;x
FE_TRIALS;Задания;Essais;Verhandlungen;Negocjacje;Ordalнas;Sfide;Prуbбk;Soudy;;;;;;x
SIEGE_DEFEAT;голода и болезней;la faim et la maladie.;Hunger und Krankheit.;Gіуd i choroby;hambre y enfermedad;Carestia e malattia;йhezйs йs betegsйg;hlad a nemoci.;;;;;;x
CD_AGREEMENTS;Торговое соглашение: $LIST$.;Accord commercial avec : $LIST$.;Handelsabkommen mit $LIST$.;Umowa handlowa z $LIST$.;Acuerdo comercial con $LIST$.;Accordo commerciale con $LIST$.;Kereskedelmi egyezmйny vele: $LIST$.;Obchodnн dohoda s $LIST$.;;;;;;x
CD_ISEMBARGOED;Эмбарго получено: $LIST$.;Victime d'un embargo de : $LIST$.;Unter Handelsblockade durch $LIST$.;Embargo naіoїone przez: $LIST$.;Bajo embargo de $LIST$.;Embargo da: $LIST$.;Embargуt vezetett be $LIST$.;Pod embargem $LIST$.;;;;;;x
CD_ISEMBARGOING;Введено эмбарго: $LIST$.;Fait subir un embargo а : $LIST$.;Handelsblockade von $LIST$.;Nakіada embargo na: $LIST$.;Embargo a $LIST$.;Embargo su: $LIST$.;Embargу ellene: $LIST$.;Embargo na $LIST$.;;;;;;x
CD_GIVESACCESS;Предоставляет проход войск: $LIST$.;Accorde l'accиs militaire а : $LIST$.;Gewдhrt militдrisches Durchmarschrecht an $LIST$.;Zgadza siк na przemarsz wojsk: $LIST$.;Concede acceso militar a $LIST$.;Garantisce l'accesso militare a: $LIST$.;Katonai hozzбfйrйst biztosнt nekik: $LIST$.;Poskytuje vojenskэ pшнstup $LIST$.;;;;;;x
CD_HASACCESS;Имеет проход войск: $LIST$.;A un accиs militaire а travers : $LIST$.;Hat militдrisches Durchmarschrecht von$LIST$.;Otrzymaі zgodк na przemarsz wojsk przez $LIST$.;Tiene acceso militar a travйs de $LIST$. ;Ha l'accesso militare a: $LIST$.;Katonai hozzбfйrйssel rendelkeznek a terьletйhez: $LIST$.;Mб vojenskэ pшнstup skrze $LIST$.;;;;;;x
PW_RESET;Сбросить;Rйinitialiser;Zurьcksetzen;Resetuj;Reiniciar;Ripristina;Ъjraindнtбst igйnyel;Resetovat;;;;;;x
OURWARALLY;Союзник в войне;Alliй dans une guerre;Verbьndet in einem Krieg;Sprzymierzeсcy w wojnie;Aliado de guerra.;Alleati in guerra;Szцvetsйges hбborъban;Spojenci ve vбlce;;;;;;x
STABHIT_FROM_SUBJECT;разрыв вассального договора;Ils sont nos suzerains;Sie sind unser Lehensherr;To nasi suwereni;Son nuestros seсores.;Sono il nostro feudatario;Х a kirбlyunk!;Jsou naљнm lennнm pбnem;;;;;;x
bg_war_1_1;§Y$WARADJECTIVE1$ $WARNAME$§W завершается $RESULT1$ по прошествии $NUMBEROF$ $YEARS$ с момента начала.;La §Y$WARADJECTIVE1$ $WARNAME$§W finit aprиs $NUMBEROF$ $YEARS$, elle se conclut avec $RESULT1$.;Der §Y$WARADJECTIVE1$ $WARNAME$§W endete nach $NUMBEROF$ $YEARS$, mit $RESULT1$.;§Y$WARADJECTIVE1$ $WARNAME$§W zakoсczyіa siк po $NUMBEROF$ $YEARS$, doprowadzaj№c do $RESULT1$.;La §Y$WARADJECTIVE1$ $WARNAME$§W ha tocado fin despuйs de $NUMBEROF$ $YEARS$ y ha resultado ser $RESULT1$.;La $WARNAME$§W §Y$WARADJECTIVE1$ finita dopo $NUMBEROF$ $YEARS$, ha portato a: $RESULT1$.;A §Y$WARADJECTIVE1$ $WARNAME$§W $NUMBEROF$ $YEARS$ utбn йrt vйget, eredmйnye a kцvetkezх volt: $RESULT1$.;§Y$WARADJECTIVE1$ $WARNAME$§W skonиila po $NUMBEROF$ $YEARS$ s vэsledkem $RESULT1$.;;;;;;x
bg_war_1_2;$MONARCHTITLE$ $MONARCHNAME$ $WARADJECTIVE2$ в этой войне во главе наших $RESULT2$ войск.;$MONARCHTITLE$ $MONARCHNAME$ $WARADJECTIVE2$ dans la §Y$WARADJECTIVE1$ $WARNAME$§W et nos armйes furent $RESULT2$.;Der §Y$WARADJECTIVE1$ $WARNAME$§W sah $MONARCHTITLE$ $MONARCHNAME$ $WARADJECTIVE2$. Unsere Truppen waren $RESULT2$.;$MONARCHTITLE$ $MONARCHNAME$ $WARADJECTIVE2$ w §Y$WARADJECTIVE1$ $WARNAME$§W i nasze armie $RESULT2$.;El(la) $MONARCHTITLE$ $MONARCHNAME$ $WARADJECTIVE2$ en la §Y$WARADJECTIVE1$ $WARNAME$§W y nuestros ejйrcitos han salido $RESULT2$.;$MONARCHTITLE$ $MONARCHNAME$ $WARADJECTIVE2$ nella $WARNAME$§W §Y$WARADJECTIVE1$ e il nostro esercitato и stato $RESULT2$.;$MONARCHNAME$ $MONARCHTITLE$ $WARADJECTIVE2$ a §Y$WARADJECTIVE1$ $WARNAME$§W йs seregeink $RESULT2$.;$MONARCHTITLE$ $MONARCHNAME$ $WARADJECTIVE2$ v §Y$WARADJECTIVE1$ $WARNAME$§W a naљe vojska byla $RESULT2$.;;;;;;x
bg_war_1_3;$RESULT3$ §Y$WARNAME$§W завершается по прошествии $NUMBEROF$ $YEARS$.;La §Y$WARNAME$§W $RESULT3$ a durй $NUMBEROF$ $YEARS$.;Der $RESULT3$ §Y$WARNAME$§W dauerte $NUMBEROF$ $YEARS$.;$RESULT3$ §Y$WARNAME$§W trwaіa $NUMBEROF$ $YEARS$.;La $RESULT3$ §Y$WARNAME$§W ha durado $NUMBEROF$ $YEARS$.;La §Y$WARNAME$§W $RESULT3$ и durata $NUMBEROF$ $YEARS$.;A $RESULT3$ §Y$WARNAME$§W $NUMBEROF$ $YEARS$ hosszan tartott.;$RESULT3$ §Y$WARNAME$§W trvala po $NUMBEROF$ $YEARS$.;;;;;;x
#$WARADJECTIVE1$;;;;;;;    ;;;;;;;x
bg_time_1;Малая;mineure;unbedeutende;Maіa;intrascendente;minore;kisebb;menљн;;;;;;x
bg_time_2;Короткая;brиve;sehr kurze;Bardzo krуtka;breve;breve;rцvid;struиnэ;;;;;;x
bg_time_3;Недолгая;courte;kurze;Krуtka;corta;corta;rцvid;krбtkэ;;;;;;x
bg_time_4;Кровавая;sanglante;blutige;Krwawa;sangrienta;sanguinaria;vйres;krvavэ;;;;;;x
bg_time_5;Ожесточенная;brutale;brutale;Brutalna;brutal;violenta;brutбlis;brutбlnн;;;;;;x
bg_time_6;Грандиозная;mouvementйe;epische;Epicka;йpica;epica;epikus;epickэ;;;;;;x
bg_time_7;Затяжная;longue;lange;Dіuga;prolongada;lunga;hosszъ;dlouhэ;;;;;;x
#$WARADJECTIVE1.5$;;;;;;;    ;;;;;;;x
bg_result0_1;благочестивый;juste;gerechte;Sprawiedliwa;justificada;imparziale;becsьletes;шбdnэ;;;;;;x
bg_result0_2;справедливый;justifiйe;rechtfertige;Prawa;legнtima;equa;jуsбgos;spravedlivэ;;;;;;x
bg_result0_3;прославленный;glorieuse;glorreiche;Chwalebna;gloriosa;gloriosa;dicsхsйges;slavnэ;;;;;;x
bg_result0_4;победоносный;victorieuse;siegreiche;Zwyciкska;victoriosa;vincente;gyхzedelmes;vнtмznэ;;;;;;x
bg_result0_5;безрассудный;folle;wahnwitzige;Nierozs№dna;insensata;stupida;bolond;blбznivэ;;;;;;x
bg_result0_6;бедный;dйsastreuse;tragische;Katastrofalna;desastrosa;devastante;katasztrуfбlis;katastrofбlnн;;;;;;x
bg_result0_7;неблагоразумный;peu judicieuse;dumme;Nieroztropna;imprudente;insensata;meggondolatlan;nemoudrэ;;;;;;x
#;;;;;;;    ;;;;;;;x
bg_year;год;annйe;Jahr;rok;aсo;anno;йv;rok;;;;;;x
bg_years;лет;annйes;Jahre;lat;aсos;anni;йv;roky;;;;;;x
#$WARADJECTIVE2$;;;;;;;    ;;;;;;;x
bg_part_1_1;сражается;combattit;kдmpfen;walczyі(-);ha combatido;ha combattuto;megkьzdцtt;bojoval;;;;;;x
bg_part_1_2;бьется;batailla;kдmpfen;toczyі(-a) boje;ha batallado;ha lottato;megkьzdцtt;bojoval;;;;;;x
bg_part_1_3;участвует;participa;teilnehmen;uczestniczyі(-a);ha participado;ha dato il massimo;rйszt vett;ъиastnil se;;;;;;x
bg_part_1_4;борется;lutta;in der Schlacht;starі siк(-a);ha luchado;ha lottato duramente;kьzdцtt;zбpasil;;;;;;x
bg_part_1_5;принимает участие;prit part;befehligen;wzi№і(-кіa) udziaі;ha tomado parte;ha fatto il possibile;rйszt vett;ъиastnil se;;;;;;x
bg_part_1_6;проводит кампании;fit campagne;agieren;prowadziі(-a) kampanie;ha contendido;ha fatto una campagna;megkьzdцtt;tбhl;;;;;;x
bg_part_1_7;воюет;s'impliqua;als Heerfьhrer;uczestniczyі(-a);se ha involucrado;и stato coinvolto;vezette;ъиastnil se;;;;;;x
#$RESULT1$;;;;;;;    ;;;;;;;x
bg_result1_1;завоеванием;la conquкte;Eroberung;podbуju;una conquista;Conquista;Hуdнtбs;Dobytн;;;;;;x
bg_result1_2;победой;la victoire;Sieg;zwyciкstwa;una victoria;Vittoria;gyхzelem;vнtмzstvн;;;;;;x
bg_result1_3;успехом;succиs;Erfolg;sukcesu;un йxito;Successo;siker;ъspмch;;;;;;x
bg_result1_4;сохранением статус-кво;un statu quo;Status Quo;status quo;un mantenimiento del statu quo;Status Quo;Status Quo;Status Quo;;;;;;x
bg_result1_5;поражением;la dйfaite;Niederlage;klкski;una derrota;Sconfitta;Veresйg;Porбћka;;;;;;x
bg_result1_6;страшным бедствием;un dйsastre;Katastrofe;katastrofy;un desastre;Fiasco;Katasztrуfa;Pohroma;;;;;;x
bg_result1_7;полным унижением;une humiliation;Erniedrigung;upokorzenia;una humillaciуn;Umiliazione;megalбztatбs;Pokoшenн;;;;;;x
#$RESULT2$;;;;;;;    ;;;;;;;x
bg_result2_1;торжествующих;triomphantes;ьberlegen;triumfowaіy;vencedores;trionfante;diadalmas;vнtмznэ;;;;;;x
bg_result2_2;победоносных;victorieuses;siegreich;zwyciкїyіy;victoriosos;vincente;gyхztes;vнtмznэ;;;;;;x
bg_result2_3;удачных;couronnйes de succиs;erfolgreich;odniosіy sukces;triunfantes;grandioso;sikeres;ъspмљnэ;;;;;;x
bg_result2_4;искусных;compйtentes;kompetent;okazaіy siк kompetentne;bastante bien librados;competente;illetйkes;kompetentnн;;;;;;x
bg_result2_5;проигравших;dйfaites;unterlegen;zostaіy pokonane;derrotados;sconfitto;legyхzцtt;poraћenэ;;;;;;x
bg_result2_6;разбитых наголову;mises en dйroute;chancenlos;zostaіy rozbite w pyі;humillados;sbaragliato;irбnyнtott;na ъtмku;;;;;;x
bg_result2_7;униженных;humiliйes;chancenlos;zostaіy upokorzone;aplastados;umiliato;megalбzott;pokoшenэ;;;;;;x
#$RESULT3$;;;;;;;    ;;;;;;;x
bg_result3_1;Триумфальная;triomphante;triumphreiche;Triumfalna;triunfante;trionfante;diadalmas;vнtмznэ;;;;;;x
bg_result3_2;Победоносная;victorieuse;siegreiche;Zwyciкska;victoriosa;vincente;gyхztes;vнtмznэ;;;;;;x
bg_result3_3;Успешная;couronnйe de succиs;erfolgreiche;Pomyњlna;exitosa;grandiosa;sikeres;ъspмљnэ;;;;;;x
bg_result3_4;Неудачная;infructueuse;nicht erfolgreiche;Niepomyњlna;infructuosa;perdente;illetйkes;neъspмљnэ;;;;;;x
bg_result3_5;Бессмысленная;insensйe;sinnlose;Bezsensowna;imprudente;inutile;legyхzцtt;nesmyslnэ;;;;;;x
bg_result3_6;Гибельная;dйsastreuse;katastrophale;Katastrofalna;desastrosa;devastante;megalбzott;katastrofбlnн;;;;;;x
bg_result3_7;Унизительная;humiliante;erniedrigende;Poniїaj№ca;humillante;umiliante;irбnyнtott;pokoшujнcн;;;;;;x
#$MONARCHTITLE$ $MONARCHNAME$ $ADJECTIVE$ favoured $SLIDERNAME$.;;;;;;;    ;;;;;;;x
bg_slider_1;$MONARCHNAME$ оказывает $ADJECTIVE$ поддержку такому направлению во внутренней политике, как $SLIDERNAME$.;$MONARCHNAME$ apprйcierait $ADJECTIVE$ $SLIDERNAME$.;$MONARCHNAME$ bevorzugte $SLIDERNAME$ $ADJECTIVE$.;$MONARCHNAME$ $ADJECTIVE$ forsowaі(-a): $SLIDERNAME$.;$MONARCHNAME$ ha favorecido $ADJECTIVE$ a $SLIDERNAME$.;$MONARCHNAME$ $ADJECTIVE$ ha preferito: $SLIDERNAME$.;$MONARCHNAME$ $ADJECTIVE$, elхnyben rйszesнtett: $SLIDERNAME$.;$MONARCHNAME$ $ADJECTIVE$ preferuje $SLIDERNAME$.;;;;;;x
bg_slider_1_1;незначительную;un peu;leicht;lekko;ligeramente;leggermente;alig;lehce;;;;;;x
bg_slider_1_2;слабую;quelque peu;etwas;nieco;en cierta medida;alquanto;valamennyire;nмjak;;;;;;x
bg_slider_1_3;некоторую;plutфt;eher;raczej;bastante;piuttosto;kevйsbй;spнљe;;;;;;x
bg_slider_2_1;заметную;fortement;stark;mocno;en gran medida;fortemente;erхsen;silnм;;;;;;x
bg_slider_2_2;значительную;considйrablement;sehr;znacznie;considerablemente;considerevolmente;meglehetхsen;vэraznм;;;;;;x
bg_slider_2_3;сильную;grandement;auЯerordentlich;bardzo;en gran medida;molto;nagymйrtйkben;hodnм;;;;;;x
bg_slider_3_1;абсолютную;avec vigueur;schonungslos;niemiіosiernie;inexorablemente;crudelmente;kцnyцrtelenьl;bezohlednм;;;;;;x
bg_slider_3_2;категоричную;sans doute aucun;erbarmungslos;bezlitoњnie;de forma inapelable;spietatamente;irgalmatlanul;nemilosrdnм;;;;;;x
bg_slider_3_3;бескомпромиссную;de toute force;kompromisslos;brutalnie;de manera descarada;brutalmente;brutбlisan;brutбlnм;;;;;;x
bg_rel1;В $YEAR$ году от Рождества Христова $MONARCHNAME$ переходит в истинную веру: $RELIGION$.;En l'annйe $YEAR$, $MONARCHNAME$ se convertit а la Vraie Foi du $RELIGION$.;Im Jahre des Herrn $YEAR$, konvertierte $MONARCHNAME$  zum einzig wahren Glauben: $RELIGION$.;Roku Paсskiego $YEAR$, $MONARCHNAME$ nawrуciі(-a) siк na prawdziw№ wiarк $RELIGION$.;En el aсo $YEAR$ de nuestro Seсor, $MONARCHNAME$ se ha convertido al $RELIGION$, la verdadera fe.;Nell'anno di nostro Signore $YEAR$, $MONARCHNAME$ si convertм alla vera fede: $RELIGION$.;Az Ъr $YEAR$. esztendejйben $MONARCHNAME$ felvette a kцvetkezх nemzeti vallбst: $RELIGION$.;Lйta Pбnм $YEAR$ konvertoval $MONARCHNAME$ na pravou vнru $RELIGION$.;;;;;;x
bg_rel2;$MONARCHNAME$ §Rобрекает себя на вечные муки в дьявольской преисподней§W в $YEAR$ год от Рождества Христова, когда нашей государственной религией становится $RELIGION$.;$MONARCHNAME$ fut §R damnй а l'йternel tourment des fosses brыlantes de l'enfer§W en l'annйe $YEAR$ quand sa conversion au $RELIGION$ en fit notre religion d'Йtat.;$MONARCHNAME$ wurde §R zu ewigem Fegefeuer verdammt als §W im Jahre $YEAR$  $RELIGION$ zu unserer Staatsreligion wurde.;$MONARCHNAME$ zostaі(-a) §R skazany(-a) ma wieczne mкki piekielne §Roku Paсskiego $YEAR$, kiedy wiara $RELIGION$ staіa siк nasz№ religi№ paсstwow№.;$MONARCHNAME$ se ha ganado la condena del tormento eterno en los fuegos del Infierno en el aсo $YEAR$ del Seсor, cuando nuestro estado se ha convertido al $RELIGION$.;$MONARCHNAME$ fu §R condannato all'eterno tormento negli abissi degli inferi §W nell'anno di nostro Signore $YEAR$ quando la fede $RELIGION$ divenne la nostra religiona nazionale.;$MONARCHNAME$ §R цrцk kбrhozatra нtйltetett §W az Ъr $YEAR$. esztendejйben, mikor felvette a kцvetkezх vallбst бllamvallбskйnt: $RELIGION$.;$MONARCHNAME$ byl §R proklet k vмиnйmu utrpenн v ohni pekelnйm §W lйta Pбnм $YEAR$, kdyћ se nбboћenstvн $RELIGION$ stalo naљнm stбtnнm nбboћenstvнm.;;;;;;x
bg_rel3;$MONARCHTITLE$ $MONARCHNAME$ находит истинный путь и обращается в веру $RELIGION$ в год $YEAR$.;$MONARCHTITLE$ $MONARCHNAME$ vit le chemin de la sagesse et se convertit au $RELIGION$ en l'annйe $YEAR$.;$MONARCHTITLE$ $MONARCHNAME$ erkannte  im Jahre des Herrn $YEAR$ $RELIGION$ als seinen Glauben.;$MONARCHTITLE$ $MONARCHNAME$ wybraі sіuszn№ drogк, zmieniaj№c wiarк na $RELIGION$ Roku Paсskiego $YEAR$.;$MONARCHTITLE$ $MONARCHNAME$ ha visto de la virtud y se ha convertido al $RELIGION$ en el aсo $YEAR$. ;Il $MONARCHTITLE$ $MONARCHNAME$ ha visto la retta via e si и convertito alla fede $RELIGION$ nell'anno $YEAR$.;$MONARCHNAME$ $MONARCHTITLE$ meglбtta az igaz utat - $RELIGION$ -, s csatlakozott az Ъr $YEAR$. esztendejйben.;$MONARCHTITLE$ $MONARCHNAME$ uzшel cestu pravou a obrбtil se na vнru $RELIGION$ v roce $YEAR$.;;;;;;x
bg_rel4;$MONARCHTITLE$ $MONARCHNAME$ избирает кощунственную веру $RELIGION$ в черный для нас год $YEAR$.;La sombre annйe $YEAR$ vit $MONARCHTITLE$ $MONARCHNAME$ embrassй la foi sacrilиge du $RELIGION$,;Im verfluchten Jahre $YEAR$ konvertierte $MONARCHTITLE$ $MONARCHNAME$ zum kдtzerischen $RELIGION$,;Roku Paсskiego $YEAR$, $MONARCHTITLE$ $MONARCHNAME$ przyj№і њwiкtokradcz№ wiarк $RELIGION$,;El aciago aсo de $YEAR$ ha presenciado cуmo Su Honorable $MONARCHTITLE$ $MONARCHNAME$ abrazaba las sacrнlegas creencias del $RELIGION$.;Nell'anno oscuro $YEAR$, il $MONARCHTITLE$ $MONARCHNAME$ abbracciт la fede sacrilega di $RELIGION$,;$YEAR$ sцtйt йvйben $MONARCHNAME$ $MONARCHTITLE$ felvette a kцvetkezх vallбst: $RELIGION$.;Prokletйho roku $YEAR$ pшijal $MONARCHTITLE$ $MONARCHNAME$ heretickou vнru $RELIGION$,;;;;;;x
MISS_BUILD;Мы не можем отправить миссионера в провинцию, в которой идет строительство.;Vous ne pouvez envoyer un missionaire ici tant qu'une amйlioration de la province est en cours.;Ihr kцnnt hierher keine Missionare schicken wдhrend man an einer Provinzverbesserung arbeitet.;Nie moїesz wysіaж misjonarza do prowincji, w ktуrej budowane s№ ulepszenia.;No podйis enviar un misionero mientras se estй construyendo una mejora en la provincia.;Non puoi inviare un misisonario qui durante un miglioramento della provincia.;Amнg egy provinciafejlesztйs folyamatban van, nem kьldhetsz hittйrнtхket.;Nelze vyslat misionбшe, dokud probнhб vэstavba provinиnнho vylepљenн.;;;;;;x
bg_sbuilding_1;$MONARCHTITLE$ $MONARCHNAME$ $DESCRIPTIVEADJECTIVE$ $CONSTRUCTIONADJECTIVE$ здание $SBUILDINGNAME$ в провинции $PROVINCE$.;$MONARCHTITLE$ $MONARCHNAME$ $CONSTRUCTIONADJECTIVE$ $DESCRIPTIVEADJECTIVE$ un bвtiment de type $SBUILDINGNAME$ en $PROVINCE$.;$MONARCHTITLE$ $MONARCHNAME$ $DESCRIPTIVEADJECTIVE$ $CONSTRUCTIONADJECTIVE$ eine $SBUILDINGNAME$ in $PROVINCE$.;$MONARCHTITLE$ $MONARCHNAME$ $DESCRIPTIVEADJECTIVE$ $CONSTRUCTIONADJECTIVE$ $SBUILDINGNAME$ w prowincji $PROVINCE$.;El (la) $MONARCHTITLE$ $MONARCHNAME$ ha $CONSTRUCTIONADJECTIVE$ $DESCRIPTIVEADJECTIVE$ un(a) $SBUILDINGNAME$ en $PROVINCE$.;Il $MONARCHTITLE$ $MONARCHNAME$ $CONSTRUCTIONADJECTIVE$ $DESCRIPTIVEADJECTIVE$ una $SBUILDINGNAME$ nella provincia di $PROVINCE$.;$MONARCHTITLE$ $MONARCHNAME$ $DESCRIPTIVEADJECTIVE$ $CONSTRUCTIONADJECTIVE$ egy $SBUILDINGNAME$, itt: $PROVINCE$.;$MONARCHTITLE$ $MONARCHNAME$ $DESCRIPTIVEADJECTIVE$ $CONSTRUCTIONADJECTIVE$ $SBUILDINGNAME$ v $PROVINCE$.;;;;;;x
bg_sbuilding_2;В царствование $DESCRIPTIVEAJECTIVE2$ правителя $MONARCHNAME$ $CONSTRUCTIONADJECTIVE2$ здание $SBUILDINGNAME$ в провинции $PROVINCE$.;En son rиgne $DESCRIPTIVEAJECTIVE2$,  $MONARCHTITLE$ $MONARCHNAME$ vit  $CONSTRUCTIONADJECTIVE2$ un imposant bвtiment ( $SBUILDINGNAME$) en $PROVINCE$.;Die $DESCRIPTIVEAJECTIVE2$ Herrschaft von  $MONARCHTITLE$ $MONARCHNAME$ sah die $CONSTRUCTIONADJECTIVE2$ einer $SBUILDINGNAME$ in $PROVINCE$.;$MONARCHTITLE$ $MONARCHNAME$ rz№dziі(-a) $DESCRIPTIVEAJECTIVE2$, co zaowocowaіo $CONSTRUCTIONADJECTIVE2$ budowli: $SBUILDINGNAME$ w prowincji $PROVINCE$.;El $DESCRIPTIVEAJECTIVE2$ reinado de Su Honorable $MONARCHTITLE$ $MONARCHNAME$, ha presenciado la $CONSTRUCTIONADJECTIVE2$ de un(a) $SBUILDINGNAME$ en $PROVINCE$.;Il regno $DESCRIPTIVEAJECTIVE2$ del $MONARCHTITLE$ $MONARCHNAME$ ha visto la $CONSTRUCTIONADJECTIVE2$ di una struttura $SBUILDINGNAME$ nella provincia di $PROVINCE$.;A $DESCRIPTIVEAJECTIVE2$ uralkodбsa $MONARCHTITLE$ $MONARCHNAME$ lбtta $CONSTRUCTIONADJECTIVE2$ egy $SBUILDINGNAME$, itt: $PROVINCE$.;Vlбda $DESCRIPTIVEAJECTIVE2$ monarchy $MONARCHTITLE$ $MONARCHNAME$ byla svмdkem $CONSTRUCTIONADJECTIVE2$ $SBUILDINGNAME$ v $PROVINCE$.;;;;;;x
#$CONSTRUCTIONADJECTIVE$;;;;;;;    ;;;;;;;x
bg_ca_1_1;строит;йdifia;baute;zbudowaі(-a);levantado;ha costruito;megйpнtette;postaveno;;;;;;x
bg_ca_1_2;основывает;fonda;grьndete;zaіoїyі(-a);fundado;ha fondato;йpнtette;zaloћeno;;;;;;x
bg_ca_1_3;воздвигает;construisit;kontruierte;skonstruowaі(-a);construido;ha eretto;йpнtette;zkonstruovбno;;;;;;x
bg_ca_1_4;создает;йtablit;grьndete;zaіoїyі(-a);establecido;ha stabilito;megalapнtotta;zaloћeno;;;;;;x
bg_ca_1_5;учреждает;institua;errichtete;ustanowiі(-a);instituido;ha istituito;megalapнtotta;uvedeno do ъшadu;;;;;;x
#$CONSTRUCTIONADJECTIVE2$;;;;;;;    ;;;;;;;x
bg_ca_2_1;строится;s'йdifier;Errichtung;wzniesieniem;edificaciуn;costruzione;йpьlet;budova;;;;;;x
bg_ca_2_2;основывается;se fonder;Grьndung;zaіoїeniem;fundaciуn;fondazione;йpьlet;zaklбdajнcн;;;;;;x
bg_ca_2_3;воздвигается;se construire;Konstruktion;konstrukcj№;construcciуn;edificazione;йpьlet;konstrukce;;;;;;x
bg_ca_2_4;создается;s'йtablir;Einrichtung;zaіoїeniem;implantaciуn;nascita;йpьlet;instituce;;;;;;x
bg_ca_2_5;учреждается;s'instituer;Institution;ustanowieniem;instituciуn;istituzione;йpьlet;instituce;;;;;;x
#$DESCRIPTIVEADJECTIVE$;;;;;;;   ;;;;;;;x
bg_da_1_1;разумно;avec justesse;gerecht;sprawiedliwie;adecuadamente;equamente;igazsбgosan;spravedlivм;;;;;;x
bg_da_1_2;мудро;sagement;weise;m№drze;con sensatez;saggiamente;bцlcsen;moudшe;;;;;;x
bg_da_1_3;щедро;gйnйreusement;groЯzьgig;hojnie;de forma generosa;generosamente;nagylelkыen;velkoryse;;;;;;x
bg_da_1_4;блестяще;glorieusement;glorreich;wspaniale;gloriosamente;gloriosamente;dicsхsйgesen;slavnм;;;;;;x
bg_da_1_5;милостиво;gracieusement;gьtig;іaskawie;amablemente;misericordiosamente;kegyesen;laskavм;;;;;;x
#$DESCRIPTIVEADJECTIVE2$;;;;;;;    ;;;;;;;x
bg_da_2_1;справедливого;de justice;gerechte;sprawiedliwie;justo;giusto;helyes;шбdnэ;;;;;;x
bg_da_2_2;успешного;prospиre;erfolgreiche;skutecznie;prуspero;prospero;elхnyцs;prosperujнcн;;;;;;x
bg_da_2_3;благополучного;florissant;florierende;efektywnie;floreciente;fiorente;virбgzу;vzkvйtajнcн;;;;;;x
bg_da_2_4;славного;glorieux;glorreiche;wspaniale;glorioso;glorioso;dicsхsйges;slavnэ;;;;;;x
bg_da_2_5;мудрого;sage et juste;weise;m№drze;juicioso;saggio;bцlcsen;moudrэ;;;;;;x
bg_pl_1;Во время $PRONOUN$ правления $GAINED$ следующие провинции: $PROVINCE$. ;Durant $PRONOUN$ rиgne les provinces de : $PROVINCE$ furent $GAINED$.;Wдhrend $PRONOUN$ Herrschaft die Provinzen $PROVINCE$ wurden $GAINED$.;Podczas $PRONOUN$ panowania $GAINED$ prowincje $PROVINCE$.;Durante $PRONOUN$ reinado, se ha(n) $GAINED$ la(s) provincia(s) de $PROVINCE$.;Durante il $PRONOUN$ regno le province di $PROVINCE$ furono $GAINED$.;$PRONOUN$ uralkodбsa alatt a $PROVINCE$ provinciбk helyzete a нgy alakult: $GAINED$.;V prщbмhu vlбdy $PRONOUN$ provincie $PROVINCE$ byly $GAINED$.;;;;;;x
bg_pl_2;В царствование правителя $MONARCHNAME$ $GAINED$ следующие провинции: $PROVINCE$. ;Pendant l йpoque de $MONARCHNAME$  $PROVINCE$ etaient $GAINED$.;Unter der Herrschaft von $MONARCHNAME$ wurde(n) die Provinz(en) $PROVINCE$ $GAINED$.;W trakcie, gdy krajem rz№dziі(-a) $MONARCHNAME$, $GAINED$ prowincje $PROVINCE$.;El reinado de $MONARCHNAME$ ha visto cуmo se ha(n) $GAINED$ la(s) provincia(s) de $PROVINCE$.;Il regno del $MONARCHNAME$ vide le province di $PROVINCE$ $GAINED$;$MONARCHNAME$ uralkodбsa alatt a $PROVINCE$ tartomбny helyzete нgy alakult: $GAINED$.;V prщbмhu vlбdy $MONARCHNAME$ provincie $PROVINCE$ byly $GAINED$.;;;;;;x
bg_pl_his;его;Son;seiner;jego;su;suo;    ;Jeho;;;;;;x
bg_pl_her;ее;Son;ihrer;jej;su;suo;    ;Jejн;;;;;;x
bg_pl_gained;входят в состав страны;conquises;gewonnen;pozyskano;ganado;guadagnate;megszerezte;zнskбno;;;;;;x
bg_pl_lost;теряются;perdues;verloren;utracono;perdido;perse;elvesztette;ztraceno;;;;;;x
bg_new_culture;Раз за разом демонстрируя нам свою лояльность, приверженцы культуры $CULTURE$ становятся полноправными партнерами нашей могущественной нации.;La culture $CULTURE$, ayant montrй sa loyautй maintes et maintes fois fut acceptйe en tant que partenaire en plein droit dans notre puissante nation.;Die $CULTURE$en Lдnder, die ihre Loyalitдt oft unter Beweis gestellt hatten, wurden als vollwertige Provinzen userer mдchtigen Nation akzeptiert.;Ludnoњж zwi№zana z kultur№ $CULTURE$ okazaіa siк wobec nas lojalna, dlatego zaakceptowaliњmy jej istnienie w naszym potкїnym paсstwie. ;La cultura $CULTURE$, habiendo demostrado una y otra vez su lealtad, ha sido aceptada como miembro de pleno derecho en nuestra poderosa naciуn.;La cultura $CULTURE$, avendo sempre dimostrato lealtа, и stata accettata come membro dalla nostra potente nazione.;$CULTURE$, amely ъjra йs ъjra bebizonyнtotta hыsйgйt, elfogadta a teljeskцrы egyьttmыkцdйsre tett ajбnlatunkat.;Kultura $CULTURE$ opakovanм prokбzala svoji loajalitu a byla uznбna rovnocennэm partnerem naљeho slavnйho nбroda.;;;;;;x
bg_lost_culture;Приверженцы культуры $CULTURE$, коих раз за разом становится все меньше и меньше в нашем государстве, перестают быть неотъемлемой частью нашей нации.;La culture $CULTURE$, ayant sans cesse progressй dans son insignifiance dans notre empire, ne fut plus considйrйe comme importante dans notre puissante nation.;Die $CULTURE$en Provinzen, die immer insignifikanter in unserem Imperium wurden, werden nicht lдnger als wichtig fьr unsere mдchtige Nation angesehen.;Ludnoњж zwi№zana z kultur№ $CULTURE$ stopniowo traciіa na znaczeniu. Nie uwaїamy juї, aby byіa waїna dla naszego potкїnego imperium.;Por su escasa aportaciуn a nuestro imperio, la cultura $CULTURE$ ha dejado de ser importante para nuestra poderosa naciуn.;La cultura $CULTURE$, essendo diventata sempre piщ irrilevante per il nostro Impero, non и piщ stata considerata importante dalla nostra potente nazione.;The $CULTURE$, having become increasing insignificant in our empire, were no longer seen as important to our mighty nation.;Kultura $CULTURE$ se postupnм stala tak bezvэznamnou, ћe uћ pro nбљ slavnэ nбrod nenн dщleћitб.;;;;;;x
bg_emperor;В год $YEAR$ $MONARCHTITLE$ $MONARCHNAME$ становится божьей милостью императором Римским.;En l'annйe $YEAR$, $MONARCHTITLE$  $MONARCHNAME$ fut proclamй dei gratia Romanorum imperator electus semper augustus;Im Jahr $YEAR$ wurde $MONARCHTITLE$  $MONARCHNAME$ zum dei gratia Romanorum imperator electus semper augustus gekrцnt.;W roku $YEAR$ $MONARCHTITLE$ $MONARCHNAME$ zostaі koronowany. Dei gratia Romanorum imperator electus semper augustus. Wybrany przez elektorуw krуl niemiecki uzyskuje tytuі cesarza rzymskiego.;En el aсo $YEAR$, se ha proclamado dei gratia Romanorum imperator electus semper augustus a Su $MONARCHTITLE$ $MONARCHNAME$.;Nell'anno $YEAR$, $MONARCHNAME$ fu proclamato $MONARCHTITLE$, dei gratia Romanorum Imperator electus semper augustus;"$YEAR$. йvben $MONARCHNAME$ $MONARCHTITLE$ kikiбltotta: ""dei gratia Romanorum imperator electus semper augustus""";Lйta Pбnм $YEAR$ byl $MONARCHTITLE$  $MONARCHNAME$ byl prohlбљen dei gratia Romanorum imperator electus semper augustus;;;;;;x
bg_elector;В год $YEAR$ держава $COUNTRY$ удостаивается чести быть курфюрстом Священной Римской империи.;L'annйe $YEAR$ vit $COUNTRY$ voir accordйe а son dirigeant la dignitй de Prince Йlecteur du Saint Empire romain.;Im Jahre des Herrn $YEAR$ wurde $COUNTRY$ in den Kurfьrstenrang erhoben.;W roku $YEAR$ wіadca paсstwa $COUNTRY$ otrzymaі tytuі ksiкcia elektora Њwiкtego Cesarstwa Rzymskiego.;En el aсo $YEAR$, se le ha concedido a $COUNTRY$ la dignidad de ser Prнncipe Elector del Sacro Imperio Romano.;Nell'anno $YEAR$, la nazione: $COUNTRY$ conobbe il decoro del Principe Elettore del Sacro Romano Impero.;The year of $YEAR$ saw $COUNTRY$ given the dignity of Prince Elector of the Holy Roman Empire.;Lйta Pбnм $YEAR$ se zemм $COUNTRY$ stala kurfiшtem Svatй шнљe шнmskй.;;;;;;x
bg_war_3_1;$WARNAME$ продолжается в царствование правителя $MONARCHNAME$.;La $WARNAME$ continua dans le rиgne de $MONARCHNAME$.;Der $WARNAME$ setzte sich unter $MONARCHNAME$ fort.;$WARNAME$ trwaіa dalej w trakcie panowania $MONARCHNAME$.;La $WARNAME$ ha continuado durante el reinado de $MONARCHNAME$.;La $WARNAME$ continuт nel regno di $MONARCHNAME$.;A(z) $WARNAME$ folytatуdik $MONARCHNAME$ uralkodбsa alatt is.;$WARNAME$ pokraиovala za vlбdy $MONARCHNAME$.;;;;;;x
bg_war_3_2;В царствование правителя $MONARCHNAME$ продолжается $WARNAME$.;Le rиgne de $MONARCHNAME$ vit la continuation de la $WARNAME$.;Die Herrschaft von $MONARCHNAME$ sah die Fortsetzung des $WARNAME$.;W trakcie panowania $MONARCHNAME$ dalej toczyіa siк wojna $WARNAME$.;El reinado de $MONARCHNAME$ ha presenciado la continuaciуn de la $WARNAME$.;Il regno di $MONARCHNAME$ vide il seguito della $WARNAME$.;The reign of $MONARCHNAME$ saw the continuation of the $WARNAME$.;Za vlбdy monarchy $MONARCHNAME$ pokraиovala $WARNAME$.;;;;;;x
CONFIRMMISSIONTITLE;Отправка миссионера;Envoyer un missionaire;Missionar senden;Wyњlij misjonarza;Enviar misionero;Invia missionario;Hittйrнtхk kьldйse;Vyslat misionбшe;;;;;;x
CONFIRMMISSIONTEXT;Вы действительно хотите отправить миссионера в провинцию $PROV$?;Кtes-vous sыr de vouloir envoyer un missionaire en $PROV$?;Sind sie sicher, das sie einen Missionar nach $PROV$ schicken wollen?;Jesteњ pewien, їe chcesz wysіaж misjonarza do prowincji $PROV$?;їSeguro que querйis enviar una misiуn a $PROV$?;Sicuro di voler inviare un missionario nella provincia di $PROV$?;Biztos vagy benne, hogy hittйrнtхket kьldesz $PROV$ tartomбnyra?;Skuteиnм chcete vyslat misionбшe do provincie $PROV$?;;;;;;x
COST_TIME;Стоимость: §Y$AMOUNT$§W¤\nСрок: §Y$TIME$§W дн.;Coыt : §Y$AMOUNT$§W ducats \nTemps : §Y$TIME$§W jours.;Kosten: §Y$AMOUNT$§W Dukaten \nZeit: §Y$TIME$§W Tage.;Koszt: §Y$AMOUNT$§W dukatуw \nCzas: §Y$TIME$§W dni.;Coste: §Y$AMOUNT$§W ducados\nTiempo: §Y$TIME$§W dнas;Costo: §Y$AMOUNT$§W ducati \nTempo: §Y$TIME$§W Giorni.;Kцltsйg: §Y$AMOUNT$§W dukбt \nIdх: §Y$TIME$§W nap.;Cena: §Y$AMOUNT$§W dukбtщ \nDoba: §Y$TIME$§W dnн.;;;;;;x
LOAN_SIZE;Размер займа станет равен $SIZE$ ежемесячным доходам.\n;Le montant de l'emprunt bancaire sera fixй а $SIZE$.;BankkreditgrцЯe wird festgesetzt auf $SIZE$.;Suma poїyczki bankowej zostanie ustalona na: $SIZE$.;La cuantнa del prйstamo bancario quedarб fijada en $SIZE$.;La somma del prestito bancario и fissata a $SIZE$.;A bankkцlcsцn mйrete megvбltozik erre: $SIZE$.;Velikost bankovnн pщjиky bude nastavena na $SIZE$.;;;;;;x
ADD_SUB_UNIT_EFFECT;Будет получено подразделение $UNIT$ в провинции §Y$WHERE$§W.\n;Envoyer $UNIT$ en $WHERE$.;Erhalte $UNIT$ in $WHERE$.;Get $UNIT$ in $WHERE$.;Obtener una unidad de $UNIT$ en $WHERE$.;Porta $UNIT$ a $WHERE$.;Get $UNIT$ in $WHERE$.;Zнskat $UNIT$ v $WHERE$.;;;;;;x
CHANGE_CONTROLLER_EFFECT;Держава §Y$WHO$§W возьмет под контроль провинцию §Y$WHERE$§W.\n;$WHO$ prend le contrфle de $WHERE$.;$WHO$ ьbernimmt die Kontrolle ьber $WHERE$.;$WHO$ przejmuje kontrolк nad $WHERE$.;$WHO$ toma el control de $WHERE$.;$WHO$ assume il comando di $WHERE$.;$WHO$ бtveszi az irбnyнtбst $WHERE$ felett.;$WHO$ pшebнrб kontrolu nad $WHERE$.;;;;;;x
WAR_EFFECT;Будет объявлена война державе §Y$WHO$§W.\n;Declarer la guerre а WHO$;Erklдre $WHO$ den Krieg.;Wypowiedz wojnк $WHO$;Declararle la guerra a $WHO$;Dichiarare guerra a $WHO$;Hadьzenet neki: $WHO$;Vyhlбsit vбlku $WHO$;;;;;;x
bg_waradj_3_1;война;war;Krieg;wojna;guerra;guerra;hбborъ;vбlka;;;;;;x
bg_waradj_3_2;борьба;struggle;Gefecht;starcie;lucha;scontro;harc;zбpas;;;;;;x
bg_waradj_3_3;драка;fight;Kampf;walka;refriega;lotta;kьzdelem;boj;;;;;;x
bg_waradj_3_4;битва;battle;Schlacht;bitwa;batalla;battaglia;csata;bitva;;;;;;x
bg_war_5_1;В год $YEAR$ наша держава $ADJECTIVE1$ $ADJECTIVE2$.;En l'annйe $YEAR$, nous fыmes $ADJECTIVE2$ $ADJECTIVE1$.;Im Jahr $YEAR$, wurden wir $ADJECTIVE1$ $ADJECTIVE2$.;W roku $YEAR$ nasz kraj zostaі $ADJECTIVE1$ $ADJECTIVE2$.;En el aсo $YEAR$ hemos sufrido un $ADJECTIVE2$ $ADJECTIVE1$.;Nell'anno $YEAR$, il nostro esercito и stato $ADJECTIVE1$ $ADJECTIVE2$.;Az Ъr $YEAR$ esztendejйben, $ADJECTIVE1$ $ADJECTIVE2$ voltunk.;V roce $YEAR$ jsme byli $ADJECTIVE1$ $ADJECTIVE2$.;;;;;;x
bg_war_5_2;Наша держава $ADJECTIVE2$ в войне §Y$WARNAME$§W.;Les habitants de $COUNTRY$ ont йtй $ADJECTIVE2$ dans la §Y$WARNAME$§W.;$COUNTRY$ wurde im §Y$WARNAME$§W $ADJECTIVE2$ .;Kraj $COUNTRY$ zostaі $ADJECTIVE2$ w §Y$WARNAME$§W.;$COUNTRY$ ha sufrido un $ADJECTIVE2$ en la §Y$WARNAME$§W.;Il paese: $COUNTRY$ fu $ADJECTIVE2$ nella §Y$WARNAME$§W.;$COUNTRY$ бllam $ADJECTIVE2$ a kцvetkezх hбborъban: §Y$WARNAME$§W.;$COUNTRY$ byla $ADJECTIVE2$ v §Y$WARNAME$§W.;;;;;;x
bg_war_5_3;Наша держава в эпоху правителя $MONARCHNAME$ $ADJECTIVE1$ $ADJECTIVE2$ в войне §Y$WARNAME$§W.;$MONARCHNAME$ was $ADJECTIVE1$ $ADJECTIVE2$ in the §Y$WARNAME$§W.;$MONARCHNAME$ wurde im §Y$WARNAME$§W $ADJECTIVE1$ $ADJECTIVE2$.;$MONARCHNAME$ byі $ADJECTIVE1$ $ADJECTIVE2$ w §Y$WARNAME$§W.;$MONARCHNAME$ ha sufrido un  $ADJECITVE2$ $ADJECTIVE1$ en la §Y$WARNAME$§W.;$MONARCHNAME$ fu $ADJECTIVE1$ $ADJECTIVE2$ nel conflitto di §Y$WARNAME$§W.;$MONARCHNAME$ uralkodу $ADJECTIVE1$ $ADJECTIVE2$, a kцvetkezх hбborъban: §Y$WARNAME$§W.;$MONARCHNAME$ byl $ADJECTIVE1$ $ADJECTIVE2$ v §Y$WARNAME$§W.;;;;;;x
bg_war_5_adj_1_1;гадко;de maniиre choquante;schockierend;niespodziewanie;terrible;scandalosamente;sokkolуan;љokujнcнm zpщsobem;;;;;;x
bg_war_5_adj_1_2;вероломно;par traоtrise;heimtьckisch;zdradziecko;traidor;slealmente;бlnok mуdon;zrбdnм;;;;;;x
bg_war_5_adj_1_3;презренно;de faзon mйprisable;verдchtlich;nikczemnie;despreciable;spregevolmente ;undorнtуan;zavrћenнhodnм;;;;;;x
bg_war_5_adj_1_4;жестоко;diaboliquement;diabolisch;diabelsko;diabуlico;diabolicamente;цrdцgien;пбbelsky;;;;;;x
bg_war_5_adj_2_1;атакуется;attaquйs;ьberfallen;zaatakowany;ataque;attaccato;megtбmadta;obмtн ъtoku;;;;;;x
bg_war_5_adj_2_2;штурмуется;agressйs;angegriffen;zaatakowany;asalto;assalito;megtбmadta;pшepaden;;;;;;x
bg_war_5_adj_2_3;получает удар в спину;poignardйs;verraten;zdradzony;apuсalamiento;tradito;hбtbatбmadta;obмtн ъtoku ze zбlohy;;;;;;x
bg_war_5_adj_2_4;подвергается нападению;assaillis;attackiert;napadniкty;acoso;assaltato;megtбmadta;napaden;;;;;;x
CONFIRMSAVETITLE;Сохранение игры;Sauvegarder;Speicherstand;Zapisz grк;Guardar partida;Salvare partita;Mentйs;Uloћit hru;;;;;;x
CONFIRMSAVETEXT;Сохраненная игра с таким именем уже существует. Переписать?;Кtes-vous sыr de vouloir йcraser le fichier $NAME$ ?;Sind sie sicher das sie die Datei $NAME$ ьberschreiben mцchten?;Czy na pewno chcesz nadpisaж plik $NAME$?;їSeguro que quieres sobrescribir el archivo $NAME$?;Sovrascrivere il file $NAME$?;Biztos vagy benne, hogy felьl szeretnйd нrni a kцvetkezхt: $NAME$?;Skuteиnм chcete pшepsat soubor $NAME$?;;;;;;x
bg_war_A_1;Наша держава, возглавляемая правителем $MONARCHNAME$, $ADJECTIVE1$ $ADJECTIVE2$ §Y$WARNAME$§W.;$MONARCHNAME$ $ADJECTIVE2$ $ADJECTIVE1$ la §Y$WARNAME$§W.;$MONARCHNAME$ $ADJECTIVE2$ $ADJECTIVE1$ den §Y$WARNAME$§W.;$MONARCHNAME$ $ADJECTIVE1$ $ADJECTIVE2$ §Y$WARNAME$§W.;$MONARCHNAME$ $ADJECTIVE2$ $ADJECTIVE1$ la §Y$WARNAME$§W;$MONARCHNAME$ ha $ADJECTIVE1$ $ADJECTIVE2$ la §Y$WARNAME$§W.;$MONARCHNAME$ $ADJECTIVE1$ $ADJECTIVE2$ a §Y$WARNAME$§W.;$MONARCHNAME$ $ADJECTIVE1$ $ADJECTIVE2$ §Y$WARNAME$§W.;;;;;;x
bg_war_A_2;Наша держава, ведомая правителем $MONARCHNAME$, $ADJECTIVE2$ $ADJECTIVE3$ §Y$WARNAME$§W.;$MONARCHNAME$ $ADJECTIVE2$ la §Y$ADJECTIVE3$ $WARNAME$§W.;$MONARCHNAME$ $ADJECTIVE2$ den §Y$ADJECTIVE3$ $WARNAME$§W.;$MONARCHNAME$ $ADJECTIVE2$ §Y$ADJECTIVE3$ $WARNAME$§W.;$MONARCHNAME$ $ADJECTIVE2$ la §Y$ADJECTIVE3$ $WARNAME$§W;$MONARCHNAME$ ha $ADJECTIVE2$ la §Y$ADJECTIVE3$ $WARNAME$§W.;$MONARCHNAME$ $ADJECTIVE2$ a §Y$ADJECTIVE3$ $WARNAME$§W.;$MONARCHNAME$ $ADJECTIVE2$ §Y$ADJECTIVE3$ $WARNAME$§W.;;;;;;x
bg_war_A_3;В год $YEAR$ наша держава $ADJECTIVE1$ $ADJECTIVE2$ §Y$WARNAME$§W.;In the year $YEAR$ we $ADJECTIVE1$ §Y$ADJECTIVE2$ $WARNAME$§W.;Im Jahr $YEAR$ $ADJECTIVE2$ wir $ADJECTIVE1$ §Y den $WARNAME$§W.;W roku $YEAR$ $ADJECTIVE1$ §Y$ADJECTIVE2$ $WARNAME$§W.;En el aсo $YEAR$, se §Y$ADJECTIVE2$ $ADJECTIVE1$ por nuestra parte la $WARNAME$§W.;Nell'anno $YEAR$ abbiamo $ADJECTIVE1$ §Y$ADJECTIVE2$ la $WARNAME$§W.;$YEAR$-ban $ADJECTIVE1$ §Y$ADJECTIVE2$ a $WARNAME$§W.;V roce $YEAR$ jsme $ADJECTIVE1$ §Y$ADJECTIVE2$ $WARNAME$§W.;;;;;;x
bg_war_A_adj_1_1;справедливо;avec justesse;gerechterweise;sprawiedliwie;adecuadamente;equamente;jogosan;spravedlivм;;;;;;x
bg_war_A_adj_1_2;блестяще;glorieusement;mutig;wspaniale;gloriosamente;gloriosamente;dicsхsйgesen;slavnм;;;;;;x
bg_war_A_adj_1_3;смело;bravement;tapfer;odwaїnie;valientemente;audacemente;bбtran;stateиnм;;;;;;x
bg_war_A_adj_1_4;мудро;avec sagesse;weise;m№drze;con sensatez;saggiamente;bцlcsen;moudшe;;;;;;x
bg_war_A_adj_2_1;начинает;a entamй;startete(n);rozpocz№і(-кіa);ha iniciado;cominciato;elkezdхdцtt;zahбjili;;;;;;x
bg_war_A_adj_2_2;начинает;a dйbutй;beganne(n);zacz№і(-кіa);ha empezado;iniziato;elkezdхdцtt;zaиali;;;;;;x
bg_war_A_adj_2_3;начинает;a commencй;initiierte(n);wznieciі(-a);ha comenzado;avviato;elkezdхdцtt;zapoиali;;;;;;x
bg_war_A_adj_2_4;инициирует;a provoquй;verursachte(n);wywoіaі(-a);ha instigado;istigato;feluszнtott;podnнtili;;;;;;x
bg_war_A_adj_3_1;великую;grande;groЯartigen;wielk№;gran;grande;nagyszerы;velkэ;;;;;;x
bg_war_A_adj_3_2;грандиозную;vaillante;epischen;epick№;йpica;epica;epikus;epickэ;;;;;;x
bg_war_A_adj_3_3;затяжную;longue;langen;dіug№;prolongada;lunga;hosszъ;dlouhэ;;;;;;x
bg_war_A_adj_3_4;кровавую;sanglante;blutigen;krwaw№;sangrienta;sanguinaria;vйres;krvavэ;;;;;;x
PW_TRADE_VALUE;Оборот:;Commerce :;Handelswert:;Wartoњж handl.:;Val. comercio:;Valore di scambio:;Ker. йrtйk:;Hodnota obchodu:;;;;;;x
PROV_TRADE_VALUE;Доля провинции в обороте торгового центра.;Montant gйnйrй pour le Centre de Commerce;Zum Handelszentrum beigesteuerter Wert.;Wartoњж posiadanych udziaіуw w oњrodku handlu.;Valor aportado al centro de comercio.;Valore donato al centro del commercio.;Az pйnz a Kereskedelmi Kцzpontba kerьlt.;Hodnota pшispнvajнcн obchodnнmu centru.;;;;;;x
NO_SEPARATE_PEACE;Страны, не являющиеся лидерами альянсов, не могут заключать между собой сепаратный мир.;Vous ne pouvez pas nйgocier une paix sйparйe entre deux partenaires mineurs de la guerre.;Ihr kцnnt keinen Seperatfrieden zwischen zwei Junior-Partnern in einem Krieg schlieЯen.;Nie moїesz negocjowaж oddzielnego pokoju pomiкdzy dwoma podrzкdnymi partnerami.;No podйis negociar paces separadas entre dos socios dйbiles de una guerra.;Non puoi negoziare una pace separata fra due membri sottoposti in una guerra.;Nem kezdemйnyezhetsz egyedi bйketбrgyalбsokat.;Dva podшнzenн partneшi (v alianci) spolu nemohou uzavшнt separбtnн mнr.;;;;;;x
bg_new_gov;$MONARCHNAME$ $ADJECTIVE2$ вводит новую форму правления: §Y$GOVERNMENT$§W. ;La §Y$GOVERNMENT$§W fut instituйe $ADJECTIVE2$ par $MONARCHNAME$.;Die §Y$GOVERNMENT$§W wurde $ADJECTIVE2$ eingefьhrt von $MONARCHNAME$.;$MONARCHNAME$ $ADJECTIVE2$ wprowadziі(-a) ustrуj §Y$GOVERNMENT$§W.;$MONARCHNAME$ ha instituido $ADJECTIVE2$ el(la) §Y$GOVERNMENT$§W.;Il §Y$GOVERNMENT$§W fu $ADJECTIVE2$ istituito da $MONARCHNAME$.;A §Y$GOVERNMENT$§W  $ADJECTIVE2$ - megszervezte: $MONARCHNAME$.;§Y$GOVERNMENT$§W byla $ADJECTIVE2$ ustanovena monarchou $MONARCHNAME$.;;;;;;x
DIPCHANCE_VLIKELY;Вероятнее всего;Trиs probablement;Sehr wahrscheindlich;Bardzo prawdopodobne;Muy probable;Molto probabile;Nagyon szнvesen;Velmi pravdмpodobnй;;;;;;x
DIPCHANCE_IMPOSSIBLE;Невероятно;Impossible;Unmцglich;Niemoїliwe;Imposible;Impossibile;Lehetetlen;Nemoћnй;;;;;;x
DIPCHANCE_VUNLIKELY;Крайне маловероятно;Trиs improbable;Sehr unwahrscheindlich;Bardzo nieprawdopodobne;Muy improbable;Molto improbabile;Egyeltalбn nem szнvesen;Velmi nepravdмpodobnй;;;;;;x
DIPCHANCE_UNLIKELY;Маловероятно;Improbable;Unwahrscheindlich;Nieprawdopodobne;Improbable;Improbabile;Nem szнvesen;Nepravdмpodobnй;;;;;;x
DIPCHANCE_MAYBE;Возможно;Peut-кtre;Vielleicht;Moїliwe;Quizб;Forse;Talбn;Moћnй;;;;;;x
DIPCHANCE_LIKELY;Вероятно;Probable;Wahrscheindlich;Prawdopodobne;Probable;Probabile;Szнvesen;Pravdмpodobnй;;;;;;x
bg_move_capital;В царствование правителя $MONARCHNAME$ мы перемещаем свою столицу в провинцию $PROVINCE$.;En le rиgne de $MONARCHNAME$, nous dйplaзвmes notre capitale en $PROVINCE$.;Unter der Herrschaft von $MONARCHNAME$ verlegten wir unsere Hauptstadt nach $PROVINCE$.;Podczas panowania $MONARCHNAME$ przenieњliњmy stolicк do prowincji $PROVINCE$.;Durante el reinado de $MONARCHNAME$ hemos trasladado la capital a $PROVINCE$.;Nel regno di $MONARCHNAME$, abbiamo trasferito la capitale nella provincia di $PROVINCE$.;$MONARCHNAME$ uralkodбsa alatt бthelyeztьk fхvбrosunkat ide: $PROVINCE$.;Za vlбdy monarchy $MONARCHNAME$ jsme pшesunuli hlavnн mмsto do provincie $PROVINCE$.;;;;;;x
bg_idle_1;За отсутствием каких-либо достижений, $MONARCHNAME$ запомнится потомкам как $MONARCHNAME$ $ADJECTIVE1$.;A cause du manque de quoi que ce soit de notable durant son rиgne, $MONARCHNAME$ est connu dans l'histoire comme $MONARCHNAME$ le $ADJECTIVE1$.;Da wдhrend seiner Herrschaft nichts Besonderes geschah, ist $MONARCHNAME$ in die Geschichte eingegangen als $MONARCHNAME$ der $ADJECTIVE1$.;Z uwagi na brak dokonaс, $MONARCHNAME$ jest znany(-a) w historii jako $MONARCHNAME$ $ADJECTIVE1$.;Debido a la falta de registros, $MONARCHNAME$ consta en la Historia como $MONARCHNAME$ el(la) $ADJECTIVE1$.;A causa della mancanza di eventi degni di nota, $MONARCHNAME$ и passato alla storia come $MONARCHNAME$ il $ADJECTIVE1$.;$MONARCHNAME$ ъgy vonult be a tцrtйnelembe, mint $MONARCHNAME$, a $ADJECTIVE1$.;Kvщli nedostatku иehokoliv vэznamnйho je $MONARCHNAME$ znбm v historii jako $MONARCHNAME$ $ADJECTIVE1$.;;;;;;x
bg_idle_2;Царствование правителя $MONARCHNAME$ будет запомнено только за $PRONOUN2$ $ADJECTIVE2$.;Le rиgne de $MONARCHNAME$ est seulement remйmorй pour $PRONOUN2$ dйfaut de $ADJECTIVE2$ ;$MONARCHNAME$ bleibt uns nur wegen $PRONOUN2$ $ADJECTIVE2$ in Erinnerung. ;Panowanie $MONARCHNAME$ jest pamiкtane jedynie ze wzglкdu na $PRONOUN2$ $ADJECTIVE2$.;El reinado de $MONARCHNAME$ solo se recuerda por $PRONOUN2$ $ADJECTIVE2$. ;Il regno di $MONARCHNAME$ и ricordato solo per il $PRONOUN2$ $ADJECTIVE2$;$MONARCHNAME$ uralkodбsбra ъgy emlйkszьnk, mint: $PRONOUN2$ $ADJECTIVE2$ ;Na vlбdu monarchy $MONARCHNAME$ se vzpomнnб jen kvщli $PRONOUN2$ $ADJECTIVE2$ ;;;;;;x
bg_idle_3;$MONARCHNAME$ $ADJECTIVE3$ во время своего правления.;$MONARCHNAME$ parvint а accomplir $ADJECTIVE3$ durant son rиgne.;$MONARCHNAME$ erreichte $ADJECTIVE3$ wдhrend $PRONOUN2$ Herrschaft.;Podczas swojego panowania $PRONOUN2$ $MONARCHNAME$ uzyskaі(-a) przydomek $ADJECTIVE3$.;$MONARCHNAME$, durante $PRONOUN2$ reinado, ha conseguido $ADJECTIVE3$.;$MONARCHNAME$ ha ottenuto $ADJECTIVE3$ durante il $PRONOUN2$ regno.;$MONARCHNAME$ kivнvta $ADJECTIVE3$ $PRONOUN2$ .;$MONARCHNAME$ dosбhl $ADJECTIVE3$ za $PRONOUN2$ vlбdy.;;;;;;x
bg_idle_afj_1_1;Скучный;maussade;Langweilige;nudny(-a);Aburrido(a);noioso;unalmassбg;nudnэ;;;;;;x
bg_idle_afj_1_2;Ленивый;paresseux;Tatenlose;leniwy(-a);Ocioso(a);pigro;tйtlensйg;neиinnэ;;;;;;x
bg_idle_afj_1_3;Осторожный;prudent;Feige;rozwaїny(-a);Cauto(a);prudente;elхvigyбzatossбg;opatrnэ;;;;;;x
bg_idle_afj_1_4;Безумный;fou;Verrьckte;szalony(-a);Demente;folle;хrьltsйg;љнlenэ;;;;;;x
bg_idle_afj_1_5;Молчаливый;silencieux;Leise;cichy(-a);Callado(a);poco loquace;csendessйg;tichэ;;;;;;x
bg_idle_afj_2_1;заикание;bйgaiement;Stottern;j№kanie siк;tartamudeo;balbettare;dadogбs;koktavэ;;;;;;x
bg_idle_afj_2_2;пьянство;saoulerie;Trunkenheit;pijaсstwo;embriaguez;amore per l'alcol;rйszesйg;opilec;;;;;;x
bg_idle_afj_2_3;обжорство;gloutonnerie;Frosserei;obїarstwo;glotonerнa;amore per il cibo;zabбlбs;nenasyta;;;;;;x
bg_idle_afj_2_4;напыщенность;flatulence;Blдhungen;gazy;flatulencia;atteggiamento vanaglorioso;bekйpzeltsйg;nadmutэ;;;;;;x
bg_idle_afj_2_5;внебрачных детей;luxure;unehelichen Kinder;bкkarty;promiscuidad;gran numero di figli illegittimi;fattyъk;bastard;;;;;;x
bg_idle_afj_3_1;совсем ничего не достигает;pratiquement rien d'utile;gar Nichts;nic;apenas nada;quasi nulla;nem fontos;nic;;;;;;x
bg_idle_afj_3_2;мало чего достигает;trиs peu;sehr wenig;bardzo maіy;muy poco;pochissimo;nagyon kicsit;velmi malэ;;;;;;x
bg_idle_afj_3_3;кое-чего достигает;peu de choses;wenig;maіy;poco;poco;kicsit;malэ;;;;;;x
bg_idle_afj_3_4;не достигает ничего, достойного упоминания,;rien de notable;nichts Nennenswertes;nic wartego opowiadania;nada digno de menciуn;poche cose degne di nota;semmi йrtйkes;zmнnky nehodnэ;;;;;;x
bg_idle_afj_3_5;достигает того, что нам лучше всего забыть,;des choses qu'on prйfиrerait oublier;Dinge die wir am liebsten vergessen wьrden;lepiej o tym zapomnieж;cosas que mejor olvidar;cose che preferiremmo dimenticare;dolgok, melyeket el kйne felejtenьnk;vмci, na nмћ bychom radмji zapomnмli;;;;;;x
bg_prestige_1;Даже крестьяне презирают нас;Mкme les paysans nous regardent de haut;Sogar Bauerntцlpel verachten uns;Nawet chіopi patrz№ na nas z gуry.;Hasta los campesinos nos desprecian;Facciamo pena persino ai contadini;Mйg a parasztsбg is lenйz minket;I sedlбci na nбs shlнћejн shora;;;;;;x
bg_prestige_2;Никто нас не любит;Personne ne fait attention а nous;Niemand kьmmert sich um uns;Nikt siк nami nie interesuje.;No le importamos a nadie ;A nessuno importa di noi;Senki nem foglalkozik velьnk;Nikoho nezajнmбme;;;;;;x
bg_prestige_3;Люди кое-что слышали о нас;On a entendu parlй de nous;Leute haben von uns gehцrt;Gdzieniegdzie o nas sіyszano.;La gente ha oнdo hablar de nosotros;La gente ha sentito parlare di noi;Az emberek gyыlцlnek minket;Lidй o nбs slyљeli;;;;;;x
bg_prestige_4;Наше государство мало кому известно;Notre rйgion est peu connue;Unser Land ist nicht sehr bekannt;Nasze paсstwo nie jest zbyt znane.;Nuestro reino no es muy conocido;Il nostro regno non и ben visto;Nem ismerik tъl sokan az orszбgunkat;Naљe zemм nenн pшнliљ znбma;;;;;;x
bg_prestige_5;Мы можем смотреть свысока на остальных;On nous regarde de haut;Man kennt uns, sieht jedoch auf uns herab;Patrzy siк na nas z gуry.;Se nos mira con desprecio;Siamo guardati dall'alto in basso;Lenйznek minket;Shlнћн na nбs svrchu;;;;;;x
bg_prestige_6;Мы достаточно известны;Nous sommes plutфt bien connus;Wir sind einigermaЯen bekannt ;Jesteњmy caіkiem dobrze znani.;Se nos conoce bastante bien;Siamo abbastanza noti;Arбnylag jуl ismernek minket;Jsme celkem znбmн;;;;;;x
bg_prestige_7;Мы очень известны;Nous somme bien connus;Wir sind bekannt;Jesteњmy dobrze znani.;Se nos conoce muy bien;Siamo ben noti;Jуl ismernek minket;Jsme dobшe znбmн;;;;;;x
bg_prestige_8;Люди стремятся подражать нам;Les gens imitent nos modes;Man versucht uns nachzuahmen;Model naszego paсstwa spotyka siк z naњladownictwem.;La gente nos imita;La gente emula il nostro stile di vita;Az emberek utбnoznak minket;Lidй nбs napodobujн;;;;;;x
bg_prestige_9;Люди завидуют нашей державе;Les gens envient notre nation;Man beneidet uns;Ludzie nam zazdroszcz№.;La gente envidia nuestra naciуn;La gente invidia la nostra nazione;Az emberek irigylik nemzetьnket;Lidй nбm zбvidн;;;;;;x
bg_prestige_10;О нас говорят во всем мире;Notre nom est connu de part le monde;Wir sind in der ganzen Welt bekannt;Nasze paсstwo jest na ustach caіego њwiata.;Nuestro nombre estб en boca de todos;Il nostro nome sarа famoso in tutto il mondo;Rуlunk beszйlnek szerte a vilбgban;Mluvн se o nбs na celйm svмtм;;;;;;x
bg_prestige_11;Мы - самые лучшие!;Nous sommes les plus grands;Wir sind die Grцssten;Jesteњmy najwspanialsi.;Somos los mбs grandes;Siamo i migliori;Mi vagyunk a legjobbak;Jsme ti nejlepљн;;;;;;x
COT_FREE_SLOT;Свободно мест: $NUM$;$NUM$ emplacements libres.;$NUM$ freie Plдtze.;$NUM$ wolnych okien.;$NUM$ casilla(s) libre(s).;$NUM$ slot liberi.;$NUM$ szabad hely.;$NUM$ volnэch pozic.;;;;;;x
desc_western_arms_trade;Многие годы мы опасались соседей с их технически оснащенными армиями. Пришло время исправить эту ситуацию, соседи помогут нам модернизировать нашу отсталую армию.;Pendant des annйes, nous avons йtй йbahis par les avancements technologiques de nos voisins. Mais cela va changer parce que nous les avons convaincus de nous aider а amйliorer notre dйplorable armйe.;Jahrelang waren unsere Nachbarn uns technologisch weit ьberlegen. Dies ist im Begriff sich zu дndern da wir sie ьberzeugen konnten, uns bei der Verbesserung unserer Truppen zu helfen.;Przez lata obawialiњmy siк zaawansowania technologicznego naszych s№siadуw, ale wkrуtce to siк zmieni, poniewaї udaіo siк nam przekonaж ich, aby pomogli ulepszyж nam nasz№ sіab№ armiк.;Durante aсos, hemos temido los avances tecnolуgicos de nuestros vecinos, pero eso estб a punto de acabar, pues hemos conseguido convencerles de que nos ayuden a mejorar el lamentable estado de nuestro ejйrcito. ;Per anni, abbiamo ammirato i progressi tecnologici dei nostri vicini, ma presto tutto questo cambierа: siamo riusciti a convincerli ad aiutarci a migliorare il nostro miserevole esercito.;Йvekkel ezelхtt rettegtьnk szomszйdaink technolуgiai fejlettsйgйtхl, бm ez hamarosan megvбltozik, mivel meggyхztьk хket, hogy segнtsenek felfejleszteni gyenge hadseregьnket.;Po lйta jsme sousedщm zбvidмli jejich technologickэ pokrok, ale to se brzy zmмnн, protoћe jsme je pшesvмdиili, aby nбm pomohli modernizovat naљi mizernou armбdu.;;;;;;x
COL_ORIG;Колонист державы $COUNTRY$.;Le colon arrive de $COUNTRY$.;Diese Kolonisten kommen von $COUNTRY$.;Kolonista podrуїuje z paсstwa $COUNTRY$.;El colono proviene de $COUNTRY$.;Il colono proviene da: $COUNTRY$.;A gyarmatos $COUNTRY$ nemzet kьldцtte.;Kolonista cestuje ze zemм $COUNTRY$.;;;;;;x
M_GOTO_BUTTON;Найти провинцию;Trouver la province;Provinz Finden;Znajdџ prowincjк;Buscar provincia;Trovare provincia;Provinciakeresйs;Najнt provincii;;;;;;x
M_LEDGER_BUTTON;Летопись;Archives;Statistik;Statystyki;Libro de contabilidad;Statistiche;Fхkцnyv;Ъиetnн kniha;;;;;;x
M_MENU_BUTTON;Меню;Menu;Menu;Menu;Menъ;Menu;Menь;Nabнdka;;;;;;x
M_HRE_BUTTON;Священная Римская империя;Saint Empire romain;Heiliges Rцmisches Reich;Њwiкte Cesarstwo Rzymskie;Sacro Imperio Romano;Sacro Romano Impero;Nйmet-Rуmai Csбszбrsбg;Svatб шнљe шнmskб;;;;;;x
M_VATICAN_BUTTON;Святейший престол;Papautй;Papsttum;Papiestwo;Papado;Papato;Pбpasбg;Papeћskб stolice;;;;;;x
M_HOME_BUTTON;Перейти к столице;Aller а la capitale;Zur Hauptstadt;Idџ do prowincji stoіecznej;Ir a la provincia capital;Andare alla capitale della provincia;Ugrбs a fхprovinciбra;Pшejнt do provincie hlavnнho mмsta;;;;;;x
PTI;Недоступные для исследования земли;Terra Incognita permanente;Permanente Terra incognita;Ziemia niedostкpna;Terra incognita' permanente;Terra incognita permanente;Vйgleges Terra Incognita;Permanentnн Terra Incognita;;;;;;x
ONLY_HOST_SPEED;Только сервер может изменять скорость игры.;Seul l'hфte peut changer la vitesse du jeu,;Nur der Host kann die Spielgeschwindigkeit дndern.;Tylko host moїe zmieniж prкdkoњж gry.;Solo el anfitriуn puede cambiar la velocidad del juego.;Solo l'host puт modificare la velocitа di gioco.;Csak a hoszt бllнthatja be a jбtйk sebessйgйt.;Pouze hostitel mщћe zmмnit nastavenн rychlosti hry.;;;;;;x
PTI_DESC;Эти области слишком далеки и негостеприимны для исследования.;Cette zone est trop йloignйe et inhospitaliиre pour кtre explorйe.;Dieses Gebiet ist zu abgelegen oder zu harsch um betreten zu werden;Ten obszar jest zbyt oddalony i zbyt nieprzyjazny, aby go odkrywaж.;Esta zona es demasiado remota e inhуspita como para ser explorada.;Quest'area и troppo distante e insopitale da esplorare.;Ez a terьlet tъl tбvoli йs zord ahhoz, hoyg felfedezhesd.;Tato oblast je pшнliљ vzdбlenб a nehostinnб, nelze ji prozkoumat.;;;;;;x
TI_DESC;Эта область доступна только армиям под командованием первопроходцев (в случае сухопутной провинции) или эскадрам под командованием исследователей (в случае морской зоны).;Cette zone peut seulement кtre pйnйtrйe par un explorateur (province maritime) ou un conquistador (province terrestre).;Dieses Gebiet kann nur von einem Entdecker (See) oder einem Konquistador (Land) betreten werden.;Na ten obszar mog№ wkroczyж jedynie odkrywcy (obszar morski) lub konkwistadorzy (prowincja l№dowa).;En esta zona solo puede entrar un explorador (provincia marнtima) o un conquistador (provincia terrestre).;Puoi accedere a quest'area solo con un esploratore (provincia marittima) o un conquistador (provincia terrestre).;Erre a terьletre csak egy felfedezх vagy egy konkvisztбdor lйphet.;Do tйto oblasti mщћe vstoupit pouze objevitel (nбmoшnн provincie) nebo conquistador (suchozemskб provincie).;;;;;;x
PW_GROWTH;Прирост;Progression;Wachstum;Wzrost;Crecimiento;Crescita;Nцvekedйs;Rщst;;;;;;x
NOPORTOTHERCONTINENT;До этой провинции нельзя добраться ни через один из портов, связанных с нашей столицей.;Cette province ne peut кtre atteinte par aucun port connectй а votre capitale.;Diese Provinz kan von keinem Hafen mit Landverbindung zur Hauptstadt erreicht werden.;Ta prowincja nie jest dostкpna poprzez їaden port poі№czony z nasz№ stolic№.;No se puede llegar a esta provincia desde ningъn puerto conectado con nuestra capital.;Questa provincia и irraggiungibile tramite porti connessi alla nostra capitale.;Ez a provincia nem kцzelнthetх meg egy olyan kikцtхn keresztьl sem, mely цssze van kцtve a fхprovinciбnkkal.;Do tйto provincie se nelze dostat prostшednictvнm ћбdnйho pшнstavu pшнstupnйho z naљeho hlavnнho mмsta.;;;;;;x
OTHERS_IN_COT;остальных провинций, относящихся к этому торговому центру.;autres provinces attachйes au CdC.;andere Provinzen an diesem HZ.;inne prowincje zwi№zane z Oњrodkiem handlu.;otras provincias agregadas al centro de comercio.;altre province conesse al centro di commercio.;a KK-hoz kapcsolt tцbbi provincia;ostatnн provincie spojenй s obchodnнm centrem.;;;;;;x
RELATION_CHANGE_VALUE;Ожидаемое изменение за год:;Changement annuel estimй :;Geschдtzte jдhrliche Verдnderung;Przewidywana zmiana (rocznie):;Cambio anual estimado:;Cambiamento annuale stimato:;Becsьlt йves bevйtel;Odhadovanб roиnн zmмna:;;;;;;x
NEW_CORE_EFFECT_EMPEROR;Император выдвинет претензии на провинцию §Y$NEW$§W.\n;L'empereur obtient une revendication sur $NEW$.\n;Der Kaiser hat jetzt Anspruch auf $NEW$.\n;Cesarz zyskuje now№ prowincjк narodow№ $NEW$.\n;El emperador obtiene un nъcleo en $NEW$.\n;L'imperatore guadagna potere su $NEW$.;A csбszбr ъj magtartomбnyra - $NEW$ - tett szert.\n;Imperбtor zнskбvб nбrok na $NEW$.\n;;;;;;x
PEACE_OFFER_WARSCORE;Стоимость:;Valeur offre de paix :;Wert des Friedens:;Wartoњж pokoju:;Valor oferta de paz:;Valore:;Bйkeajбnlat, cserйben:;Hodnota mнrovй nabнdky:;;;;;;x
TAG_CHANGE;Провозгласит себя державой $NEW$.\n;Le pays change en $NEW$.\n;Nation wechselt zu $NEW$.\n;Paсstwo zmienia na $NEW$.\n;El paнs cambia a $NEW$.\n;Il paese cambia in $NEW$.;Az бllamforma megvбltozott erre: $NEW$.\n;Zemм se mмnн na $NEW$.\n;;;;;;x
CONFIRMCONVERSIONTITLE;Переход в §Y$NAME$§W;Convertir au §Y$NAME$§W.;Trete ьber zum  §Y$NAME$§W Glauben.;Zmieс wiarк na §Y$NAME$§W.;Convertirse a las creencias del §Y$NAME$§W;Convertire alla fede: §Y$NAME$§W.;§Y$NAME$§W felvйtele;Konvertovat na vнru §Y$NAME$§W.;;;;;;x
CONFIRMCONVERSIONTEXT;Вы действительно собираетесь сделать §Y$NAME$§W государственной религией? Все наши альянсы и династические браки будут расторгнуты. Это также вызовет значительные волнения внутри страны.;Кtes-vous sыr de vous convertir au §Y$NAME$§W ? Cela va grandement dйstabiliser vos terres ainsi que casser vos alliances et mariages royaux actuels.;Sind sie sicher das sie zum §Y$NAME$§W Glauben wechseln wollen? Das wird ihr Reich stark destabilisieren und auch alle ihre derzeitigen Allianzen und Staatsehen brechen.;Czy na pewno chcesz zmieniж wyznanie na §Y$NAME$§W? To spowoduje potкїn№ destabilizacjк paсstwa i zerwanie wszystkich sojuszy oraz krуlewskich mariaїy.;їSeguro que querйis convertiros al §Y$NAME$§W? Ello desestabilizarб enormemente vuestro reino, ademбs de romper todas vuestras alianzas y matrimonios reales actuales.;Sicuro di volerti convertire alla fede: §Y$NAME$§W? Destabilizzerai cosм il tuo regno, oltre a rompere tutte le tue attuali alleanze e matrimoni reali.;Biztos vagy benne, hogy fel akarod venni a kцvetkezх vallбst:§Y$NAME$§W? Nagyban csцkken a stabilitбsod йs minden jelenlegi szцvetsйged йs kirбlyi hбzassбgod elveszik.;Skuteиnм chcete konvertovat na vнru §Y$NAME$§W? Tнm destabilizujete naљi zemi a zruљнte souиasnй aliance a krбlovskй sтatky.;;;;;;x
PV_OCCUPIED_BY;§YКонтроль: $NAME$§W;§YOccupйe par $NAME$;§YBesetzt von $NAME$§W;§YZajкta przez $NAME$§W;§YOcupada por $NAME$§W;Occupato da $NAME$§W;§YElfoglalta: $NAME$§W;§YOkupovбno $NAME$§W;;;;;;x
BATTLE_OF; ;Bataille de;Schlacht von;Bitwa o;Batalla de;Battaglia di;    ;Bitva o;;;;;;x
SIEGE_OF; ;Siиge de;Belagerung von;Oblкїenie;Sitio de;Assedio di;   ;Oblйhбnн;;;;;;x
BG_PRESTIGE;ПРЕСТИЖ:;PRESTIGE :;PRESTIGE:;PRESTIЇ:;PRESTIGIO:;PRESTIGIO:;PRESZTНZS:;PRESTIЋ:;;;;;;x
BG_COUNTRY;ДЕРЖАВА:;PAYS :;NATION:;PAСSTWO:;PAНS:;PAESE:;ORSZБG:;ZEMМ:;;;;;;x
LIBERATE_VASSAL;Даровать некоторым провинциям нашей державы автономию.;Crйer un vassal а partir de certaines de vos provinces;Erschafft einen Vassallen aus einigen eurer Provinzen.;Utwуrz z niektуrych prowincji paсstwo wasalne.;Convertir en vasallo alguna de las provincias.;Crea un vassallo da alcune tue province.;Hыbйres kйszнtйse nйhбny tartomбnybуl..;Vytvoшit z nмkterэch provinciн vazala.;;;;;;x
LOAD_GAME_FAILED;Ошибка при загрузке игры.;Йchec а charger le jeu.;Konnte Spiel nicht laden.;Nie udaіo siк wczytaж gry.;La partida no se ha podido cargar.;Impossibile caricare la partita.;A jбtйk betцltйse nem sikerьlt;Hru nelze nahrбt.;;;;;;x
MP_FEW_PLAYERS;Чтобы начать игру, необходимо несколько игроков.;Il faut plus d'un seul joueur pour entamer une partie.;Man braucht mehr als einen Spieler, um ein Spiel zu starten.;Do gry potrzeba wiкcej niї jednego gracza.;Necesitas mбs de un jugador para iniciar una partida.;Ti serve piщ di un giocatore per iniziare una partita.;Egynйl tцbb jбtйkosra van szьksйged ahhoz, hogy elkezdd a jбtйkot.;Spuљtмnн hry vyћaduje vнc neћ jednoho hrбиe.;;;;;;x
NATIONALISM_LASTS;Националистические выступления продлятся до;Le nationalism dure jusqu'au;Nationalismus dauert bis;Nacjonalizm trwa do;El nacionalismo perdura hasta;Il nazionalismo dura fino a;A nacionalizmus fennбll, amнg;Nacionalismus zщstane do;;;;;;x
LEDGER_NO_GRAPH_DATA;Для создания графиков недостаточно данных.;Il n'y a pas encore assez de donnйes pour gйnйrer ce graphique.;Es sind noch zuwenig Daten verfьgbar, um dieses Diagramm zu erschaffen;Nie ma wystarczaj№cych danych, aby wygenerowaж wykres.;No hay datos suficientes para generar esta grбfica;Non ci sono ancora abbastanza dati per generare questo grafico.;Mйg nem бll elegendх adat a rendelkezйsedre a grafikonok kйszнtйsйhez.;Graf nelze vygenerovat (nedostatek dat).;;;;;;x
ENDOFTIME_TITLE;Конец игры;Fin du jeu;Ende des Spiels!;Koniec gry;Fin del juego;Fine del gioco;Jбtйk vйge;Konec hry;;;;;;x
ENDOFTIME_BODY;На дворе Лето Господне 1822. Революционная эпоха подошла к концу, и в свои права вступило длинное девятнадцатое столетие: век индустриализации и национализма. Какие изменения произошли с вашим народом за последние четыре сотни лет?;C'est l'annйe dix-sept cent quatre-vingt treize, le monde est sur le point d'entrйe dans les иres turbulentes de la rйvolution et du nationalisme. Quels changements a vus votre nation dans les 400 derniиres annйes ?;Es ist das Jahr des Herrn Siebzehnhundert und Dreiundneunzig, die Welt steht am Beginn der turbulenten Zeit der Revolutionen und des Nationalismus. Welchen Wandel hat eure Nation und den letzten 400 Jahren durchgemacht?;W 1793 roku њwiat stan№і na progu burzliwej ery rewolucji i nacjonalizmu. Њwiadkiem jakich zmian byіo Twoje paсstwo w ci№gu ostatnich 400 lat?;Corre el aсo de Nuestro Seсor de 1793 y el mundo estб al borde de una turbulenta йpoca de revoluciуn y nacionalismo. їQuй cambios ha contemplado vuestra naciуn durante los ъltimos 400 aсos?;И l'anno di nostro Signore 1793, il mondo и sull'orlo delle turbolente ere di rivoluzione e nazionalismo. Quali cambiamenti ha conosciuto la tua nazione negli ultimi 400 anni?.;Az Ъr 1793. esztendejйben a vilбg zыrzavaros korszakok, a forradalom йs a nacionalizmus hatбrбn бllt. Milyen kьlцnbsйgeket lбtsz a mostani, йs a nйgyszбz йvvel ezelхtti orszбgod kцzцtt?;Lйta Pбnм sedmnбct set devadesбt tшi stojн svмt na pokraji йry revolucн a nacionalismu. Jakй zmмny postihly vбљ nбrod za poslednнch 400 let?;;;;;;x
RECRUIT_CANT_USE;Мы пока не можем нанять этого советника.;Ce conseiller n'est pas encore disponible pour vous.;Dieser Berater ist noch nicht fьr eure Dienste verfьgbar.;Nie moїesz jeszcze zatrudniж tego doradcy.;Este consejero no estб disponible para que lo contratйis.;Questo consigliere non и ancora disponibile: non puoi arruolarlo.;Ez a tanбcsadу mйg nem elйrhetх szбmodra.;Tento poradce nenн k dispozici – nelze jej najmout (zatнm).;;;;;;x
ADV_EXCLUSIVE;Никто, кроме нас, не может нанять этого советника до $DATE$.;Jusqu'au $DATE$, seul nous pouvons louer les services de ce conseiller.;Bis $DATE$, kann niemand diesen Berater an seinen Hof rufen.;Aї do $DATE$, tylko my moїemy zatrudniж tego doradcк.; Hasta el $DATE$ nadie puede contratar a este consejero, salvo nosotros.;Fino alla data $DATE$, nessuno (tranne noi) puт arruolare questo consigliere.;$DATE$-ig, csak mi alkalmazhatjuk ezt a tanбcsadуt.;Aћ do dne $DATE$ mщћeme dotyиnйho poradce najmout pouze my.;;;;;;x
NO_WAR_ON_OTHERS_AS_VASSAL;Будучи вассалом, мы можем объявить войну только нашему сюзерену, чтобы освободиться от экономической зависимости.;En tant que vassal, vous ne pouvez dйclarer la guerre а personne d'autre que votre suzerain et uniquement dans le but de vous libйrer.;Als Vasall kцnnen Sie nur Ihrem Herrn nur den Krieg erklдren (um sich von ihm zu befreien), sonst niemandem.;Jako wasal moїesz wypowiedzieж wojnк tylko seniorowi w celu uniezaleїnienia siк.;Como vasallo, solo podйis declararle la guerra a vuestro seсor para liberaros, y a nadie mбs que a йl.;In qualitа di vassallo puoi solamente dichiarare guerra al tuo padrone per liberarti, e in nessun altro caso.;Hыbйreskйnt csak a hыbйruradnak ьzenhetsz hadat, йs senki mбsnak.;Jako vazal mщћete vyhlбsit vбlku pouze lennнmu pбnovi (abyste se osvobodili), nikomu jinйmu.;;;;;;x
MENU_MESSAGES_RESET;Сброс;Dйfaut;Grundeinst.;Ustawienia domyњlne;Por defecto;Ripristina i predefiniti;Alapйrtйkek visszaбllнtбsa;Resetovat nastavenн (obnovit vэchozн nastavenн);;;;;;x
WARSUBSIDIES_ECOVIEW;Военные субсидии;Impфts de guerre;Kriegssubventionen;Subsydia wojenne;Subsidios de guerra;Sussidi di guerra;Hбborъs segйly;Vбleиnй subvence;;;;;;x
PROVINCELOST_SETUP;Мы теряем провинцию без укреплений;Quand vous perdez une province non fortifiйe;Wenn Ihr eine unbesfestigte Provinz verliert;Kiedy tracisz nieufortyfikowan№ prowincjк;Cuando pierdes una provincia sin fortificar;Quando perdi una provincia non fortificata;Ha elvesztettйl egy vйdtelen provinciбt;Kdyћ ztratнte neopevnмnou provincii;;;;;;x
PROVINCELOST_HEADER;$MESSENGER$;$MESSENGER$;$MESSENGER$;$MESSENGER$;$MESSENGER$;$MESSENGER$;$MESSENGER$;$MESSENGER$;;;;;;x
PROVINCELOST_1;Провинция потеряна!;Province perdue !;Provinz verloren!;Prowincja stracona!;ЎProvincia perdida!;Provincia persa!;Elvesztettьnk egy provinciбt;Provincie ztracena!;;;;;;x
PROVINCELOST_2;Государь, мы потеряли провинцию;$PROV$ : ;Wir haben die Provinz;Straciliњmy prowincjк;Hemos perdido la provincia de;Abbiamo perso la provincia di;Elvesztettьk;Ztratili jsme provincii;;;;;;x
PROVINCELOST_3;$PROV$!;Nous avons perdu cette;$PROV$;$PROV$;$PROV$;$PROV$;$PROV$;$PROV$;;;;;;x
PROVINCELOST_4;Она была захвачена войсками державы;province. Elle est entre les;an;na rzecz nikczemnego paсstwa;a manos de;con la spregevole nazione di;tartomбnyt, mely most;a zнskala ji mrzkб zemм;;;;;;x
PROVINCELOST_5;$COUNTRY$.;mains du pays suivant : $COUNTRY$.;$COUNTRY$;$COUNTRY$;$COUNTRY$;$COUNTRY$;$COUNTRY$ kezйre kerьlt.;$COUNTRY$;;;;;;x
PROVINCELOST_6;Мы должны отбить ее!;Nous devons la reconquйrir !;Wir mьssen sie zurьckerobern!;Musimy j№ odzyskaж!;ЎLa reconquistaremos!;Dobbiamo riconquistarla!;Vissza kell szereznьnk!;Musнme ji zнskat zpбtky!;;;;;;x
PROVINCELOST_LOG;Мы потеряли контроль над провинцией $PROV$, перешедший к державе $COUNTRY$.;$PROV$ : Nous avons perdu cette province au bйnйfice du pays suivant : $COUNTRY$.;Wir haben $PROV$ an $COUNTRY$ verloren.;Straciliњmy prowincjк $PROV$ na rzecz $COUNTRY$.;Perdida $PROV$ a manos de $COUNTRY$.;Abbiamo perso $PROV$ con $COUNTRY$.;$COUNTRY$ kezйre kerьlt $PROV$ tartomбnyunk.;Ztratili jsme provincii $PROV$ ve prospмch zemм $COUNTRY$.;;;;;;x
PROVINCELOST_BTN1;ОК;Ok;Ok;OK;Aceptar;Ok;Ok;Ok;;;;;;x
PROVINCELOST_BTN2;ОК;Ok;Ok;OK;Aceptar;Ok;Ok;Ok;;;;;;x
PROVINCELOST_BTN3;Перейти;Voir;Goto;Idџ do;Ir allн;Andare;Menj ide!;Pшejнt na;;;;;;x
PROVINCELOST_MAP;Провинция потеряна!;Province perdue !;Provinz verloren!;Prowincja stracona!;ЎProvincia perdida!;Provincia persa!;Elveszett egy provincia!;Provincie ztracena!;;;;;;x
COL_CONST_TIP_FROM_SHIP;Колонист прибудет в пункт назначения ($LOCATION$) $DATE$.;Ce colon va atteindre la destination suivante : $LOCATION$, le $DATE$.;Dieser Kolonist erreicht $LOCATION$ am $DATE$.;Kolonista przybкdzie do $LOCATION$ w dniu $DATE$.;Este colono llegarб a $LOCATION$ el $DATE$.;Questo colono raggiungerа $LOCATION$ il $DATE$.;A gyarmatosok vбrhatуan ekkor йrkeznek $LOCATION$ tartomбnyra: $DATE$.;Kolonista dorazн do $LOCATION$ k datu $DATE$.;;;;;;x
bg_regent;Движимое долгом, наше высшее дворянство сформировало регентский совет при монархе на то время, пока он не достигнет совершеннолетия.;Nos plus grands reprйsentants de la noblesse font la preuve de leur dйvotion а notre nation en se portant volontaire pour constituer un conseil de rйgence en attendant la majoritй de notre monarque.;Unsere fьhrenden Adligen zeigten ihre Hingabe an unsere Nation, indem sie fьr die Zeit der Minderjдhrigkeit unseres Monarchen ihre Dienste in einem Regentschaftsrat angeboten haben.;Nasi wysocy notable okazali oddanie krajowi tworz№c radк regencyjn№, ktуra bкdzie rz№dziж w okresie maіoletnoњci monarchy.;Nuestros nobles de mayor abolengo han mostrado su devociуn a nuestra naciуn prestбndose voluntarios a formar un consejo de regencia mientras el monarca sea menor de edad.;I nostri nobili senior hanno mostrato la loro devozione alla nazione prestando volontariamente il loro servizio a un consiglio di reggenza durante la minoranza del nostro monarca.;A legfelsхbb nemessйgьnk bebizonyнtotta odaadбsбt orszбgunkkal szemben, amikor цnkйt felajбnlotta szolgбlatait egy kormбnyzуsбgi tanбcs lйtrehozбsбhoz.;Naљe vyљљн љlechta prokбzala svoji oddanost nбrodu tнm, ћe utvoшн regentskou radu, kterб bude vlбdnout po иas nedospмlosti naљeho monarchy.;;;;;;x
WT_NOT_AT_WAR;Мы не можем ввести военный налог, поскольку мы не воюем.;Nous ne pouvons pas lever d'impфts de guerre en temps de paix.;Wir kцnnen keine Kriegssteuern erheben, da wir uns nicht im Krieg befinden.;Nie moїemy naіoїyж podatkуw wojennych, poniewaї nie prowadzimy wojny.;No podemos recaudar impuestos de guerra porque no estamos en guerra.;Non possiamo aumentare le tasse di guerra perchй non siamo in guerra.;Nem szedhetьnk hadiadуt, ha nem vagyunk hбborъban.;Nelze zavйst vбleиnй danм, protoћe nejsme ve vбlce.;;;;;;x
WT_HAS_TAX;Мы уже ввели военный налог.;Nous levons dйjа des impфts de guerre.;Wir erheben schon Kriegssteuern.;Juї pobieramy podatki wojenne;Ya estamos recaudando impuestos de guerra.;Stiamo giа aumentando le tasse di guerra.;Mбr szedьnk hadiadуt.;Jiћ jsme zavedli vбleиnй danм.;;;;;;x
STRAITS;Узкий пролив через §Y$SEA$§W соединяет эту провинцию с провинцией §Y$PROV$§W.;§Y$SEA$§W : un dйtroit йtroit relie cette province а : §Y$PROV$§W.;Die schmale StraЯe ьber §Y$SEA$§W verbindet diese Provinz mit §Y$PROV$§W;W№ska cieњnina na: §Y$SEA$§W і№czy j№ z prowincj№ §Y$PROV$§W;El angosto estrecho que cruza el(la) §Y$SEA$§W conecta esta provincia con §Y$PROV$§W;Il piccolo stretto che attraversa §Y$SEA$§W collega questa provincia a §Y$PROV$§W;A tengeri szoros §Y$SEA$§W tengeren цsszekцti ezt a provinciбt a kцvetkezхvel:  §Y$PROV$§W;Љнje vedoucн skrz §Y$SEA$§W spojuje tuto provincii s §Y$PROV$§W;;;;;;x
STRAITSDESC;Армии могут пересекать узкие проливы без помощи транспортных кораблей. Однако расположившийся в проливе вражеский флот сделает переправу невозможной.;Les armйes peuvent franchir les dйtroits йtroits sans utiliser de moyens de transport. Cependant, une flotte ennemie peut en barrer le passage.;Schmale Meeresarme kцnnen von Armeen ohne die Hilfe von Transportern ьberquert werden. Allerdings kцnnen feindliche Flotten die Ьberquerung blockieren.;W№skie cieњniny mog№ byж przekraczane przez armie bez koniecznoњci uїycia statkуw transportowych. Flota nieprzyjaciela moїe jednak blokowaж przeprawк.;Los ejйrcitos pueden cruzar los estrechos angostos sin necesidad de transportes. No obstante, una flota enemiga puede bloquearlos.;I piccoli stretti possono essere attraversati dagli eserciti senza l'utilizzo di mezzi. Tuttavia, una flotta nemica potrebbe bloccarne il passaggio.;A szorosokon szбllнtуhajу nйlkьl бtkelhetnek a csapataid, viszont az ellensйges flotta nem tud бthaladni rajtuk.;Љнji lze pшekroиit s pozemnнm vojskem i bez loпstva. Ale nepшбtelskб flotila mщћe pшechod blokovat.;;;;;;x
SAVE_DONE;§GГотово§W;§Gfait§W;§GFertig§W;§GZrobione§W;§GHecho§W;§GFatto§W;§GKйsz§W;§GHotovo§W;;;;;;x
FOR_PLAYER;Для игрока:;Pour le joueur :;Fьr Spieler:;Dla gracza:;Jugador:;Per giocatore:;Jбtйkosnak:;Vљem hrбищm:;;;;;;x
FOR_AI;Для ИИ:;Pour l'IA :;Fьr KI:;Dla komputera:;IA:;Per CPU:;Az AI-nak:;UI:;;;;;;x
prussian_frederickianDESCR;Элитная пехота Фридриха Великого. Эти войска прошли жестокую подготовку и отличаются несгибаемым боевым духом. Лучшим средством защиты они считают нападение.;L'infanterie d'йlite de Frйdйrique le Grand. Son entraоnement draconien lui donne un moral йlevй et privilйgie l'attaque sur la dйfense.;Die Eliteinfanterie Friedrich dfes GroЯen. Diese Truppen wurden fьr hohe Moral brutal gedrillt und zogen den Angriff der Verteidigung vor.;Elitarna piechota Fryderyka Wielkiego. S№ to niezwykle wymusztrowani їoіnierze o wysokim morale preferuj№cy atak niї obronк.;La infanterнa de йlite de Federico el Grande. Estas tropas estбn entrenadas implacablemente para tener una gran moral y prefieren atacar a defenderse.;La Fanteria Elite di Federico il Grande. Queste truppe spietate sono addestrate per innalzare il morale e favorire l'attacco piuttosto che la difesa.;The Elite Infantry of Frederick the Great. These troops are ruthlessly drilled to give high moral and favour the offense over the defense;Elitnн pмchota Fridricha Velkйho. Tito vojбci proљli tvrdэm drilem a majн vysokou morбlku. Dбvajн pшednost ъtoku pшed obranou.;;;;;;x
